--
-- PostgreSQL database dump
--

\restrict HjWv2B0qOKu2xQg7pcHuUAroKfNDZJOQF5Zzt6zq0PE0Mkjg7JGbP3ua4SZC1Mj

-- Dumped from database version 16.13
-- Dumped by pg_dump version 16.13

SET statement_timeout = 0;
SET lock_timeout = 0;
SET idle_in_transaction_session_timeout = 0;
SET client_encoding = 'UTF8';
SET standard_conforming_strings = on;
SELECT pg_catalog.set_config('search_path', '', false);
SET check_function_bodies = false;
SET xmloption = content;
SET client_min_messages = warning;
SET row_security = off;

SET default_tablespace = '';

SET default_table_access_method = heap;

--
-- Name: doctrine_migration_versions; Type: TABLE; Schema: public; Owner: app
--

CREATE TABLE public.doctrine_migration_versions (
    version character varying(191) NOT NULL,
    executed_at timestamp(0) without time zone DEFAULT NULL::timestamp without time zone,
    execution_time integer
);


ALTER TABLE public.doctrine_migration_versions OWNER TO app;

--
-- Name: hippodrome; Type: TABLE; Schema: public; Owner: app
--

CREATE TABLE public.hippodrome (
    id integer NOT NULL,
    name character varying(255) NOT NULL
);


ALTER TABLE public.hippodrome OWNER TO app;

--
-- Name: hippodrome_id_seq; Type: SEQUENCE; Schema: public; Owner: app
--

ALTER TABLE public.hippodrome ALTER COLUMN id ADD GENERATED BY DEFAULT AS IDENTITY (
    SEQUENCE NAME public.hippodrome_id_seq
    START WITH 1
    INCREMENT BY 1
    NO MINVALUE
    NO MAXVALUE
    CACHE 1
);


--
-- Name: horse; Type: TABLE; Schema: public; Owner: app
--

CREATE TABLE public.horse (
    id integer NOT NULL,
    name character varying(255) NOT NULL,
    sex character varying(10) DEFAULT NULL::character varying
);


ALTER TABLE public.horse OWNER TO app;

--
-- Name: horse_alias; Type: TABLE; Schema: public; Owner: app
--

CREATE TABLE public.horse_alias (
    id integer NOT NULL,
    horse_id integer NOT NULL,
    original_form character varying(255) NOT NULL,
    canonical_form character varying(255) NOT NULL,
    created_at timestamp(0) without time zone NOT NULL
);


ALTER TABLE public.horse_alias OWNER TO app;

--
-- Name: horse_alias_id_seq; Type: SEQUENCE; Schema: public; Owner: app
--

ALTER TABLE public.horse_alias ALTER COLUMN id ADD GENERATED BY DEFAULT AS IDENTITY (
    SEQUENCE NAME public.horse_alias_id_seq
    START WITH 1
    INCREMENT BY 1
    NO MINVALUE
    NO MAXVALUE
    CACHE 1
);


--
-- Name: horse_id_seq; Type: SEQUENCE; Schema: public; Owner: app
--

ALTER TABLE public.horse ALTER COLUMN id ADD GENERATED BY DEFAULT AS IDENTITY (
    SEQUENCE NAME public.horse_id_seq
    START WITH 1
    INCREMENT BY 1
    NO MINVALUE
    NO MAXVALUE
    CACHE 1
);


--
-- Name: import_error; Type: TABLE; Schema: public; Owner: app
--

CREATE TABLE public.import_error (
    id integer NOT NULL,
    session_id integer NOT NULL,
    row_number integer,
    error_type character varying(50) NOT NULL,
    severity character varying(20) NOT NULL,
    error_message character varying(1000) NOT NULL,
    source_snapshot json,
    created_at timestamp(0) without time zone NOT NULL
);


ALTER TABLE public.import_error OWNER TO app;

--
-- Name: import_error_id_seq; Type: SEQUENCE; Schema: public; Owner: app
--

ALTER TABLE public.import_error ALTER COLUMN id ADD GENERATED BY DEFAULT AS IDENTITY (
    SEQUENCE NAME public.import_error_id_seq
    START WITH 1
    INCREMENT BY 1
    NO MINVALUE
    NO MAXVALUE
    CACHE 1
);


--
-- Name: import_session; Type: TABLE; Schema: public; Owner: app
--

CREATE TABLE public.import_session (
    id integer NOT NULL,
    file_name character varying(255) NOT NULL,
    imported_at timestamp(0) without time zone NOT NULL,
    status character varying(30) NOT NULL,
    total_rows integer NOT NULL,
    rows_imported integer NOT NULL,
    rows_skipped integer NOT NULL,
    error_count integer NOT NULL
);


ALTER TABLE public.import_session OWNER TO app;

--
-- Name: import_session_id_seq; Type: SEQUENCE; Schema: public; Owner: app
--

ALTER TABLE public.import_session ALTER COLUMN id ADD GENERATED BY DEFAULT AS IDENTITY (
    SEQUENCE NAME public.import_session_id_seq
    START WITH 1
    INCREMENT BY 1
    NO MINVALUE
    NO MAXVALUE
    CACHE 1
);


--
-- Name: participation; Type: TABLE; Schema: public; Owner: app
--

CREATE TABLE public.participation (
    id integer NOT NULL,
    saddle_number integer,
    finishing_position integer,
    age_at_race integer,
    distance_or_weight double precision,
    shoeing_or_draw character varying(50) DEFAULT NULL::character varying,
    performance_indicator character varying(50) DEFAULT NULL::character varying,
    odds double precision,
    music character varying(255) DEFAULT NULL::character varying,
    career_earnings bigint,
    race_id integer NOT NULL,
    horse_id integer NOT NULL,
    jockey_id integer,
    trainer_id integer,
    owner_id integer
);


ALTER TABLE public.participation OWNER TO app;

--
-- Name: participation_id_seq; Type: SEQUENCE; Schema: public; Owner: app
--

ALTER TABLE public.participation ALTER COLUMN id ADD GENERATED BY DEFAULT AS IDENTITY (
    SEQUENCE NAME public.participation_id_seq
    START WITH 1
    INCREMENT BY 1
    NO MINVALUE
    NO MAXVALUE
    CACHE 1
);


--
-- Name: person; Type: TABLE; Schema: public; Owner: app
--

CREATE TABLE public.person (
    id integer NOT NULL,
    name character varying(255) NOT NULL
);


ALTER TABLE public.person OWNER TO app;

--
-- Name: person_alias; Type: TABLE; Schema: public; Owner: app
--

CREATE TABLE public.person_alias (
    id integer NOT NULL,
    person_id integer NOT NULL,
    original_form character varying(255) NOT NULL,
    canonical_form character varying(255) NOT NULL,
    created_at timestamp(0) without time zone NOT NULL
);


ALTER TABLE public.person_alias OWNER TO app;

--
-- Name: person_alias_id_seq; Type: SEQUENCE; Schema: public; Owner: app
--

ALTER TABLE public.person_alias ALTER COLUMN id ADD GENERATED BY DEFAULT AS IDENTITY (
    SEQUENCE NAME public.person_alias_id_seq
    START WITH 1
    INCREMENT BY 1
    NO MINVALUE
    NO MAXVALUE
    CACHE 1
);


--
-- Name: person_id_seq; Type: SEQUENCE; Schema: public; Owner: app
--

ALTER TABLE public.person ALTER COLUMN id ADD GENERATED BY DEFAULT AS IDENTITY (
    SEQUENCE NAME public.person_id_seq
    START WITH 1
    INCREMENT BY 1
    NO MINVALUE
    NO MAXVALUE
    CACHE 1
);


--
-- Name: pronostic_metric; Type: TABLE; Schema: public; Owner: app
--

CREATE TABLE public.pronostic_metric (
    id integer NOT NULL,
    snapshot_id integer NOT NULL,
    metric_type character varying(50) NOT NULL,
    metric_value double precision NOT NULL,
    calculated_at timestamp(0) without time zone NOT NULL
);


ALTER TABLE public.pronostic_metric OWNER TO app;

--
-- Name: pronostic_metric_id_seq; Type: SEQUENCE; Schema: public; Owner: app
--

ALTER TABLE public.pronostic_metric ALTER COLUMN id ADD GENERATED BY DEFAULT AS IDENTITY (
    SEQUENCE NAME public.pronostic_metric_id_seq
    START WITH 1
    INCREMENT BY 1
    NO MINVALUE
    NO MAXVALUE
    CACHE 1
);


--
-- Name: pronostic_prediction; Type: TABLE; Schema: public; Owner: app
--

CREATE TABLE public.pronostic_prediction (
    id integer NOT NULL,
    snapshot_id integer NOT NULL,
    participation_id integer NOT NULL,
    predicted_rank integer NOT NULL,
    predicted_score double precision NOT NULL,
    sub_scores json
);


ALTER TABLE public.pronostic_prediction OWNER TO app;

--
-- Name: pronostic_prediction_id_seq; Type: SEQUENCE; Schema: public; Owner: app
--

ALTER TABLE public.pronostic_prediction ALTER COLUMN id ADD GENERATED BY DEFAULT AS IDENTITY (
    SEQUENCE NAME public.pronostic_prediction_id_seq
    START WITH 1
    INCREMENT BY 1
    NO MINVALUE
    NO MAXVALUE
    CACHE 1
);


--
-- Name: pronostic_snapshot; Type: TABLE; Schema: public; Owner: app
--

CREATE TABLE public.pronostic_snapshot (
    id integer NOT NULL,
    race_id integer NOT NULL,
    snapshot_type character varying(30) NOT NULL,
    comparison_status character varying(20) NOT NULL,
    created_at timestamp(0) without time zone NOT NULL,
    updated_at timestamp(0) without time zone NOT NULL,
    compared_at timestamp(0) without time zone DEFAULT NULL::timestamp without time zone,
    total_entries integer NOT NULL,
    comparable_entries integer NOT NULL,
    scoring_mode character varying(20) DEFAULT 'conservative'::character varying NOT NULL,
    scoring_weights json NOT NULL
);


ALTER TABLE public.pronostic_snapshot OWNER TO app;

--
-- Name: pronostic_snapshot_id_seq; Type: SEQUENCE; Schema: public; Owner: app
--

ALTER TABLE public.pronostic_snapshot ALTER COLUMN id ADD GENERATED BY DEFAULT AS IDENTITY (
    SEQUENCE NAME public.pronostic_snapshot_id_seq
    START WITH 1
    INCREMENT BY 1
    NO MINVALUE
    NO MAXVALUE
    CACHE 1
);


--
-- Name: race; Type: TABLE; Schema: public; Owner: app
--

CREATE TABLE public.race (
    id integer NOT NULL,
    race_date date,
    hippodrome character varying(255),
    meeting_number integer NOT NULL,
    race_number integer NOT NULL,
    discipline character varying(20) DEFAULT NULL::character varying,
    source_date_code character varying(30) DEFAULT NULL::character varying,
    hippodrome_id integer,
    distance_meters integer,
    allocation bigint,
    race_category character varying(120) DEFAULT NULL::character varying,
    race_time character varying(20) DEFAULT NULL::character varying,
    track_type character varying(120) DEFAULT NULL::character varying,
    track_rope character varying(120) DEFAULT NULL::character varying,
    autostart boolean
);


ALTER TABLE public.race OWNER TO app;

--
-- Name: race_id_seq; Type: SEQUENCE; Schema: public; Owner: app
--

ALTER TABLE public.race ALTER COLUMN id ADD GENERATED BY DEFAULT AS IDENTITY (
    SEQUENCE NAME public.race_id_seq
    START WITH 1
    INCREMENT BY 1
    NO MINVALUE
    NO MAXVALUE
    CACHE 1
);


--
-- Name: scrape_import_state; Type: TABLE; Schema: public; Owner: app
--

CREATE TABLE public.scrape_import_state (
    id integer NOT NULL,
    race_date date NOT NULL,
    meeting_number integer NOT NULL,
    race_number integer NOT NULL,
    payload_hash character varying(64) NOT NULL,
    last_imported_at timestamp(0) without time zone NOT NULL
);


ALTER TABLE public.scrape_import_state OWNER TO app;

--
-- Name: scrape_import_state_id_seq; Type: SEQUENCE; Schema: public; Owner: app
--

CREATE SEQUENCE public.scrape_import_state_id_seq
    AS integer
    START WITH 1
    INCREMENT BY 1
    NO MINVALUE
    NO MAXVALUE
    CACHE 1;


ALTER SEQUENCE public.scrape_import_state_id_seq OWNER TO app;

--
-- Name: scrape_import_state_id_seq; Type: SEQUENCE OWNED BY; Schema: public; Owner: app
--

ALTER SEQUENCE public.scrape_import_state_id_seq OWNED BY public.scrape_import_state.id;


--
-- Name: scrape_import_state id; Type: DEFAULT; Schema: public; Owner: app
--

ALTER TABLE ONLY public.scrape_import_state ALTER COLUMN id SET DEFAULT nextval('public.scrape_import_state_id_seq'::regclass);


--
-- Data for Name: doctrine_migration_versions; Type: TABLE DATA; Schema: public; Owner: app
--

COPY public.doctrine_migration_versions (version, executed_at, execution_time) FROM stdin;
DoctrineMigrations\\Version20260409083928	2026-04-09 12:21:16	130
DoctrineMigrations\\Version20260409101500	2026-04-09 19:25:33	58
DoctrineMigrations\\Version20260409113000	2026-04-09 19:25:33	60
DoctrineMigrations\\Version20260409122000	2026-04-09 19:25:33	12
DoctrineMigrations\\Version20260409140000	2026-04-09 19:25:33	29
DoctrineMigrations\\Version20260409170000	2026-04-13 09:28:47	113
DoctrineMigrations\\Version20260410101500	2026-04-13 09:28:47	16
DoctrineMigrations\\Version20260413193000	2026-04-13 09:28:48	18
DoctrineMigrations\\Version20260413203000	2026-04-13 12:13:58	64
\.


--
-- Data for Name: hippodrome; Type: TABLE DATA; Schema: public; Owner: app
--

COPY public.hippodrome (id, name) FROM stdin;
1	R1 : CHANTILLY
2	R3  :   FONTAINEBLEAU
3	R3 : CHANTILLY
4	R1  : SAINT-CLOUD
\.


--
-- Data for Name: horse; Type: TABLE DATA; Schema: public; Owner: app
--

COPY public.horse (id, name, sex) FROM stdin;
118	JUST LIGHT	M
119	KOSAKENZIPFEL	H
120	NORTH HUNTER	H
121	LADY INVINCIBLE	F
122	MARJANE	F
123	ROUHIYA	F
124	SHADIZI	M
125	BELLANO	M
126	RETORT	M
127	ZILLOW	M
128	MIRZANN	H
129	ELLERTON	M
130	VENTURA VISION	F
131	TOUR D'ECHELLE	F
132	VAUTRIN	M
133	SHATTERHAND	H
134	FROZEN	F
135	LA WOOD	F
136	TANTOMILE	F
137	GOLDENA	F
138	STARZO FAL	M
139	HOLLYWOOD AFRICANS	H
140	PENTAOUR	H
141	SITUMELEDEMANDAIS	H
142	ANABAKO DU BEARN	H
143	DAFFODIL ROSE	H
144	ARAUCARIAS	H
145	JANE DE LA BRUNIE	F
146	NERTHEUIL	H
147	JET BOY CONTI	H
148	RUE BARBIZON	F
149	KARAMBA DE GUYE	H
150	SHAMALRA	M
151	THEAMOI	F
152	JAGUAR LAGRANGE	H
153	BEST WOMEN	F
154	SHANNON BLOOM	F
155	KARMA D'OLIVATE	F
156	POURPRE	F
157	CHIMICHURI	H
158	BLUE BORANA	H
159	KARAMELO	H
160	BE SURE	H
161	BLUE STYLE	H
162	MAILLOT VERT	H
163	SEREMINI	M
164	AUTUMN TWIST	M
165	LORD SINCLAIR	M
166	WINTER'S LOVE	F
167	FORTUNE	M
168	FIRST SNOW MOON	F
169	ALAKAI	F
170	SIYANDRA	F
171	GOOSEBUMPY	F
172	PARCHEMIN	H
173	QUEST THE MOON	H
174	NARMADA	F
175	POLIVATE	F
176	RED NUDE ROUGE	F
177	TWIN BOY	H
178	AMRITA	M
179	DREAM FOR ALL	H
180	LAZY	H
181	OLYMPIADE	F
182	KAWARETH	F
183	DUNSBOROUGH	H
184	GREY BELLE	F
185	INVESTISSEUR	M
186	CHILLI BOY	M
187	BEAUTIFUL ASPEN	F
188	NOTTINGHAM	F
189	SUNRAY	F
190	ALBERT BRIDGE	H
191	SHOWMETHEGIN	H
192	LOU BALICOT	F
193	RIYAK	H
194	LEX LUTHOR	H
195	BURATTINA	F
196	NORSK	H
197	WALDLADY	F
198	LAMAJESTIK	F
199	WILD WEST	M
200	SIXTUS	H
201	SAINTED FORTUNE	F
202	CUREJ	H
203	ADDICTION DREAM	F
204	RASTIGNAC	H
205	LET'S GET LOUD	F
206	GOLDROSCHEN	F
207	LIDISBARN	H
208	VISIONARY DREAMER	H
209	MORNING SPIRIT	F
210	MAC LA TAMBOUILLE	H
211	OZAN	H
212	SIYOUANGEL	F
213	ISMAEL PAINT	H
214	ATLAST	M
215	TALENTUOSO	M
216	SUPERCOOLED	M
217	ON Y VA	M
218	GOLFING STAR	H
219	JANISA BERE	F
220	EGIATEGIA	F
221	BROTHERS OF LILY'S	M
222	TAZARA	F
223	DYPTIQUE	F
224	DANCE SIOUX	F
225	VERMELHO	F
226	GAMESTOP	M
227	WILLIAM TELL	H
228	APAX	H
229	AMBOISE	F
230	ZANDJAN	H
231	LAILAHO	M
232	DROGO	H
233	KING ROBBE	H
234	SEASCAPE GIRL	F
\.


--
-- Data for Name: horse_alias; Type: TABLE DATA; Schema: public; Owner: app
--

COPY public.horse_alias (id, horse_id, original_form, canonical_form, created_at) FROM stdin;
1	118	JUST LIGHT	JUST LIGHT	2026-04-09 19:25:33
2	119	KOSAKENZIPFEL	KOSAKENZIPFEL	2026-04-09 19:25:33
3	120	NORTH HUNTER	NORTH HUNTER	2026-04-09 19:25:33
4	121	LADY INVINCIBLE	LADY INVINCIBLE	2026-04-09 19:25:33
5	122	MARJANE	MARJANE	2026-04-09 19:25:33
6	123	ROUHIYA	ROUHIYA	2026-04-09 19:25:33
7	124	SHADIZI	SHADIZI	2026-04-09 19:25:33
8	125	BELLANO	BELLANO	2026-04-09 19:25:33
9	126	RETORT	RETORT	2026-04-09 19:25:33
10	127	ZILLOW	ZILLOW	2026-04-09 19:25:33
11	128	MIRZANN	MIRZANN	2026-04-09 19:25:33
12	129	ELLERTON	ELLERTON	2026-04-09 19:25:33
13	130	VENTURA VISION	VENTURA VISION	2026-04-09 19:25:33
14	131	TOUR D'ECHELLE	TOUR D'ECHELLE	2026-04-09 19:25:33
15	132	VAUTRIN	VAUTRIN	2026-04-09 19:25:33
16	133	SHATTERHAND	SHATTERHAND	2026-04-09 19:25:33
17	134	FROZEN	FROZEN	2026-04-09 19:25:33
18	135	LA WOOD	LA WOOD	2026-04-09 19:25:33
19	136	TANTOMILE	TANTOMILE	2026-04-09 19:25:33
20	137	GOLDENA	GOLDENA	2026-04-09 19:25:33
21	138	STARZO FAL	STARZO FAL	2026-04-09 19:25:33
22	139	HOLLYWOOD AFRICANS	HOLLYWOOD AFRICANS	2026-04-09 19:25:33
23	140	PENTAOUR	PENTAOUR	2026-04-09 19:25:33
24	141	SITUMELEDEMANDAIS	SITUMELEDEMANDAIS	2026-04-09 19:25:33
25	142	ANABAKO DU BEARN	ANABAKO DU BEARN	2026-04-09 19:25:33
26	143	DAFFODIL ROSE	DAFFODIL ROSE	2026-04-09 19:25:33
27	144	ARAUCARIAS	ARAUCARIAS	2026-04-09 19:25:33
28	145	JANE DE LA BRUNIE	JANE DE LA BRUNIE	2026-04-09 19:25:33
29	146	NERTHEUIL	NERTHEUIL	2026-04-09 19:25:33
30	147	JET BOY CONTI	JET BOY CONTI	2026-04-09 19:25:33
31	148	RUE BARBIZON	RUE BARBIZON	2026-04-09 19:25:33
32	149	KARAMBA DE GUYE	KARAMBA DE GUYE	2026-04-09 19:25:33
33	150	SHAMALRA	SHAMALRA	2026-04-09 19:25:33
34	151	THEAMOI	THEAMOI	2026-04-09 19:25:33
35	152	JAGUAR LAGRANGE	JAGUAR LAGRANGE	2026-04-09 19:25:33
36	153	BEST WOMEN	BEST WOMEN	2026-04-09 19:25:33
37	154	SHANNON BLOOM	SHANNON BLOOM	2026-04-09 19:25:33
38	155	KARMA D'OLIVATE	KARMA D'OLIVATE	2026-04-09 19:25:33
39	156	POURPRE	POURPRE	2026-04-09 19:25:33
40	157	CHIMICHURI	CHIMICHURI	2026-04-09 19:25:33
41	158	BLUE BORANA	BLUE BORANA	2026-04-09 19:25:33
42	159	KARAMELO	KARAMELO	2026-04-09 19:25:33
43	160	BE SURE	BE SURE	2026-04-09 19:25:33
44	161	BLUE STYLE	BLUE STYLE	2026-04-09 19:25:33
45	162	MAILLOT VERT	MAILLOT VERT	2026-04-09 19:25:33
46	163	SEREMINI	SEREMINI	2026-04-09 19:25:33
47	164	AUTUMN TWIST	AUTUMN TWIST	2026-04-09 19:25:33
48	165	LORD SINCLAIR	LORD SINCLAIR	2026-04-09 19:25:33
49	166	WINTER'S LOVE	WINTER'S LOVE	2026-04-09 19:25:33
50	167	FORTUNE	FORTUNE	2026-04-09 19:25:33
51	168	FIRST SNOW MOON	FIRST SNOW MOON	2026-04-09 19:25:33
52	169	ALAKAI	ALAKAI	2026-04-09 19:25:33
53	170	SIYANDRA	SIYANDRA	2026-04-09 19:25:33
54	171	GOOSEBUMPY	GOOSEBUMPY	2026-04-09 19:25:33
55	172	PARCHEMIN	PARCHEMIN	2026-04-09 19:25:33
56	173	QUEST THE MOON	QUEST THE MOON	2026-04-09 19:25:33
57	174	NARMADA	NARMADA	2026-04-09 19:25:33
58	175	POLIVATE	POLIVATE	2026-04-09 19:25:33
59	176	RED NUDE ROUGE	RED NUDE ROUGE	2026-04-09 19:25:33
60	177	TWIN BOY	TWIN BOY	2026-04-09 19:25:33
61	178	AMRITA	AMRITA	2026-04-09 19:25:33
62	179	DREAM FOR ALL	DREAM FOR ALL	2026-04-09 19:25:33
63	180	LAZY	LAZY	2026-04-09 19:25:33
64	181	OLYMPIADE	OLYMPIADE	2026-04-09 19:25:33
65	182	KAWARETH	KAWARETH	2026-04-09 19:25:33
66	183	DUNSBOROUGH	DUNSBOROUGH	2026-04-09 19:25:33
67	184	GREY BELLE	GREY BELLE	2026-04-09 19:25:33
68	185	INVESTISSEUR	INVESTISSEUR	2026-04-09 19:25:33
69	186	CHILLI BOY	CHILLI BOY	2026-04-09 19:25:33
70	187	BEAUTIFUL ASPEN	BEAUTIFUL ASPEN	2026-04-09 19:25:33
71	188	NOTTINGHAM	NOTTINGHAM	2026-04-09 19:25:33
72	189	SUNRAY	SUNRAY	2026-04-09 19:25:33
73	190	ALBERT BRIDGE	ALBERT BRIDGE	2026-04-09 19:25:33
74	191	SHOWMETHEGIN	SHOWMETHEGIN	2026-04-09 19:25:33
75	192	LOU BALICOT	LOU BALICOT	2026-04-09 19:25:33
76	193	RIYAK	RIYAK	2026-04-09 19:25:33
77	194	LEX LUTHOR	LEX LUTHOR	2026-04-09 19:25:33
78	195	BURATTINA	BURATTINA	2026-04-09 19:25:33
79	196	NORSK	NORSK	2026-04-09 19:25:33
80	197	WALDLADY	WALDLADY	2026-04-09 19:25:33
81	198	LAMAJESTIK	LAMAJESTIK	2026-04-09 19:25:33
82	199	WILD WEST	WILD WEST	2026-04-09 19:25:33
83	200	SIXTUS	SIXTUS	2026-04-09 19:25:33
84	201	SAINTED FORTUNE	SAINTED FORTUNE	2026-04-09 19:25:33
85	202	CUREJ	CUREJ	2026-04-09 19:25:33
86	203	ADDICTION DREAM	ADDICTION DREAM	2026-04-09 19:25:33
87	204	RASTIGNAC	RASTIGNAC	2026-04-09 19:25:33
88	205	LET'S GET LOUD	LET'S GET LOUD	2026-04-09 19:25:33
89	206	GOLDROSCHEN	GOLDROSCHEN	2026-04-09 19:25:33
90	207	LIDISBARN	LIDISBARN	2026-04-09 19:25:33
91	208	VISIONARY DREAMER	VISIONARY DREAMER	2026-04-09 19:25:33
92	209	MORNING SPIRIT	MORNING SPIRIT	2026-04-09 19:25:33
93	210	MAC LA TAMBOUILLE	MAC LA TAMBOUILLE	2026-04-09 19:25:33
94	211	OZAN	OZAN	2026-04-09 19:25:33
95	212	SIYOUANGEL	SIYOUANGEL	2026-04-09 19:25:33
96	213	ISMAEL PAINT	ISMAEL PAINT	2026-04-09 19:25:33
97	214	ATLAST	ATLAST	2026-04-09 19:25:33
98	215	TALENTUOSO	TALENTUOSO	2026-04-09 19:25:33
99	216	SUPERCOOLED	SUPERCOOLED	2026-04-09 19:25:33
100	217	ON Y VA	ON Y VA	2026-04-09 19:25:33
101	218	GOLFING STAR	GOLFING STAR	2026-04-09 19:25:33
102	219	JANISA BERE	JANISA BERE	2026-04-09 19:25:33
103	220	EGIATEGIA	EGIATEGIA	2026-04-09 19:25:33
104	221	BROTHERS OF LILY'S	BROTHERS OF LILY'S	2026-04-09 19:25:33
105	222	TAZARA	TAZARA	2026-04-09 19:25:33
106	223	DYPTIQUE	DYPTIQUE	2026-04-09 19:25:33
107	224	DANCE SIOUX	DANCE SIOUX	2026-04-09 19:25:33
108	225	VERMELHO	VERMELHO	2026-04-09 19:25:33
109	226	GAMESTOP	GAMESTOP	2026-04-09 19:25:33
110	227	WILLIAM TELL	WILLIAM TELL	2026-04-09 19:25:33
111	228	APAX	APAX	2026-04-09 19:25:33
112	229	AMBOISE	AMBOISE	2026-04-09 19:25:33
113	230	ZANDJAN	ZANDJAN	2026-04-09 19:25:33
114	231	LAILAHO	LAILAHO	2026-04-09 19:25:33
115	232	DROGO	DROGO	2026-04-09 19:25:33
116	233	KING ROBBE	KING ROBBE	2026-04-09 19:25:33
117	234	SEASCAPE GIRL	SEASCAPE GIRL	2026-04-09 19:25:33
118	131	TOUR D'ECHELLE	TOUR D ECHELLE	2026-04-10 05:24:36
119	155	KARMA D'OLIVATE	KARMA D OLIVATE	2026-04-10 05:24:36
120	166	WINTER'S LOVE	WINTER S LOVE	2026-04-10 05:24:36
121	205	LET'S GET LOUD	LET S GET LOUD	2026-04-10 05:24:36
122	221	BROTHERS OF LILY'S	BROTHERS OF LILY S	2026-04-10 05:24:36
\.


--
-- Data for Name: import_error; Type: TABLE DATA; Schema: public; Owner: app
--

COPY public.import_error (id, session_id, row_number, error_type, severity, error_message, source_snapshot, created_at) FROM stdin;
1	1	2	duplicate_warning	warning	Ligne ignoree: participation deja en base.	["R1  : SAINT-CLOUD","D1010","11","24","53","1114","1","14","JUST LIGHT","54","2","M6","D' ANDIGNE O.","COUETIL (S) A.","Couetil Elevage","0","1p 5p 5p 14p        5p 8p 4p 5p 6p 4p 6p 1p","14","----","----","35.5","13","1","74230","H","----","0","","","","","","9","287\\u00a0247","287","247","287","247","287247",""]	2026-04-10 05:24:36
2	1	3	duplicate_warning	warning	Ligne ignoree: participation deja en base.	["R1  : SAINT-CLOUD","D1010","11","24","53","1105","2","5","KOSAKENZIPFEL","56.5","13","H4","PIECHULEK R.","STEINBERG MME S.","Stall Wo Laufen Sie Denn","0","1p 6p 14p 5p 14p        1p 2p 2p 2p","5","----","----","38","18","1","31420","H","----","0","","","","","","9","151\\u00a0250","151","250","151","250","151250",""]	2026-04-10 05:24:36
3	1	4	duplicate_warning	warning	Ligne ignoree: participation deja en base.	["R1  : SAINT-CLOUD","D1010","11","24","53","1111","3","11","NORTH HUNTER","54.5","1","H8","BESNIER H.","MADER MME E.","Stall Ramon","0","9p 2p 3p 1p 1p 2p 5p 2p 5p        3p 5p 4p","11","1","----","36","6.9","9","117890","H","----","0","","","","","","9","165\\u00a0444","165","444","165","444","165444",""]	2026-04-10 05:24:36
4	1	5	duplicate_warning	warning	Ligne ignoree: participation deja en base.	["R1  : SAINT-CLOUD","D1010","12","14","30","1203","1","3","LADY INVINCIBLE","58","3","F2","GUYON M.","BARY (S) P.","Ec.Jl Bouchard\\/ec. Des Monceaux","0","4p","3","1","----","-","2.8","4","4000","F","----","0","","","","","","9","189\\u00a0230","189","230","189","230","189230",""]	2026-04-10 05:24:36
5	1	6	duplicate_warning	warning	Ligne ignoree: participation deja en base.	["R1  : SAINT-CLOUD","D1010","12","14","30","1202","2","2","MARJANE","58","10","F2","DEMURO C.","CHAPPET F.","N. Bizakov","0","3p","2","1","----","-","3.6","3","4500","F","----","0","","","","","","8","31\\u00a0420","31","420","31","420","31420",""]	2026-04-10 05:24:36
6	1	7	duplicate_warning	warning	Ligne ignoree: participation deja en base.	["R1  : SAINT-CLOUD","D1010","12","14","30","1210","3","10","ROUHIYA","56","6","F2","BARZALONA M.","GRAFFARD (S) FH.","S.A. Aga Khan","0","0","10","1","----","-","4.7","9","0","F","----","0","","","","","","8","65\\u00a0150","65","150","65","150","65150",""]	2026-04-10 05:24:36
7	1	8	duplicate_warning	warning	Ligne ignoree: participation deja en base.	["R1  : SAINT-CLOUD","D1010","13","14","30","1302","1","2","SHADIZI","58","9","M2","GUYON M.","GRAFFARD (S) FH.","S.A. Aga Khan","0","3p 4p","2","1","----","-","2.5","3","8500","H","----","0","","","","","","8","95\\u00a0360","95","360","95","360","95360",""]	2026-04-10 05:24:36
8	1	9	duplicate_warning	warning	Ligne ignoree: participation deja en base.	["R1  : SAINT-CLOUD","D1010","13","14","30","1305","2","5","BELLANO","58","2","M2","MOSSE G.","SCHUTZ (S) A.","M. Motschmann","0","7p","5","----","----","-","11","7","1000","H","----","0","","","","","","8","76\\u00a0640","76","640","76","640","76640",""]	2026-04-10 05:24:36
9	1	10	duplicate_warning	warning	Ligne ignoree: participation deja en base.	["R1  : SAINT-CLOUD","D1010","13","14","30","1301","3","1","RETORT","58","10","M2","LECOEUVRE C.","DEVIN (S) HF.","Suc. Khalid Abdullah","0","2p 3p 2p 4p","1","1","----","38.5","4","2","18100","H","----","0","","","","","","8","93\\u00a0050","93","050","93","50","93050",""]	2026-04-10 05:24:36
10	1	11	duplicate_warning	warning	Ligne ignoree: participation deja en base.	["R1  : SAINT-CLOUD","D1010","14","24","28","1406","1","6","ZILLOW","57","1","M3","PASQUIER S.","FERLAND (S) C.","F. Wertheimer","0","4p 2p 1p 3p","6","----","----","40","7.7","4","22050","H","----","0","","","","","","8","52\\u00a0210","52","210","52","210","52210",""]	2026-04-10 05:24:36
11	1	12	duplicate_warning	warning	Ligne ignoree: participation deja en base.	["R1  : SAINT-CLOUD","D1010","14","24","28","1401","2","1","MIRZANN","57","6","H3","BARZALONA M.","GRAFFARD (S) FH.","S.A. Aga Khan","0","1p 2p 2p","1","1","----","39","3.4","1","17300","H","----","0","","","","","","9","117\\u00a0890","117","890","117","890","117890",""]	2026-04-10 05:24:36
12	1	13	duplicate_warning	warning	Ligne ignoree: participation deja en base.	["R1  : SAINT-CLOUD","D1010","14","24","28","1402","3","2","ELLERTON","57","5","M3","MOUTARD Jer.","DONWORTH (S) TIM.","Tim. Donworth (S)","0","4p 1p 3p 3p Rp 2p 7p","2","1","----","38","15","4","18850","H","----","0","","","","","","8","47\\u00a0960","47","960","47","960","47960",""]	2026-04-10 05:24:36
13	1	14	duplicate_warning	warning	Ligne ignoree: participation deja en base.	["R1  : SAINT-CLOUD","D1010","15","13","16","1508","1","8","VENTURA VISION","56","3","F5","BERGE C.","SNIJDERS G.","G. Snijders","A","3p 3p 3p 3p 6p 1p 14p 2p 8p        4p 6p 1p","8","----","----","30.5","4.8","3","51730","F","----","0","","","","","","9","127\\u00a0585","127","585","127","585","127585",""]	2026-04-10 05:24:36
14	1	15	duplicate_warning	warning	Ligne ignoree: participation deja en base.	["R1  : SAINT-CLOUD","D1010","15","13","16","1507","2","7","TOUR D'ECHELLE","56.5","4","F6","GUYON M.","PARIZE J.","L. Jean","X","7p 1p 4p 7p 8p 3p 1p 1p 12p 7p 11p        12p","7","1","----","31","5.1","7","86900","F","----","0","","","","","","8","74\\u00a0230","74","230","74","230","74230",""]	2026-04-10 05:24:36
15	1	16	duplicate_warning	warning	Ligne ignoree: participation deja en base.	["R1  : SAINT-CLOUD","D1010","15","13","16","1504","3","4","VAUTRIN","59","2","M8","GALLO MLLE L.","BOUTIN (S) M.","P. Widloecher","0","6p 4p 7p 1p 6p 4p 3p        6p 12p 12p 9p 9p","4","1","----","29.5","5.5","6","165750","H","----","0","","","","","","8","39\\u00a0470","39","470","39","470","39470",""]	2026-04-10 05:24:36
16	1	17	duplicate_warning	warning	Ligne ignoree: participation deja en base.	["R1  : SAINT-CLOUD","D1010","16","24","22","1610","1","10","SHATTERHAND","56","8","H5","BARZALONA M.","BRASME (S) M.","M. Berger Siegfried","0","2p 1p 8p 11p        13p 1p 4p 3p 7p 4p 2p 3p","10","1","----","26","3.6","2","36800","H","----","0","","","","","","8","20\\u00a0080","20","080","20","80","20080",""]	2026-04-10 05:24:36
17	1	18	duplicate_warning	warning	Ligne ignoree: participation deja en base.	["R1  : SAINT-CLOUD","D1010","16","24","22","1604","2","4","FROZEN","59","5","F5","D' ANDIGNE O.","COUETIL (S) A.","F. Levesque","0","4p 14p 3p 6p 14p        8p 8p","4","1","----","29","6.1","4","6800","F","----","0","","","","","","0","0","0","0","0","0","0",""]	2026-04-10 05:24:36
18	1	19	duplicate_warning	warning	Ligne ignoree: participation deja en base.	["R1  : SAINT-CLOUD","D1010","16","24","22","1605","3","5","LA WOOD","58.5","14","F7","GUYON M.","LECRIVAIN C.","Ec. Charles Lecrivain","A","7p 1p 10p 3p 1p 2p 4p 6p        8p 9p (21) 15p 4p","5","----","----","28.5","12","7","60980","F","----","0","","","","","","7","6\\u00a0000","6","000","6","0","6000",""]	2026-04-10 05:24:36
19	1	20	duplicate_warning	warning	Ligne ignoree: participation deja en base.	["R1  : SAINT-CLOUD","D1010","17","16","27","1710","1","10","TANTOMILE","54.5","3","F2","GUYON M.","MONFORT (S) FR.","T.Corbel\\/q. Coquema\\/manier\\/paysan","A","4p 9p 4p 5p","10","----","----","31.5","6.1","4","4850","F","----","0","","","","","","7","4\\u00a0500","4","500","4","500","4500",""]	2026-04-10 05:24:36
20	1	21	duplicate_warning	warning	Ligne ignoree: participation deja en base.	["R1  : SAINT-CLOUD","D1010","17","16","27","1706","2","6","GOLDENA","55.5","8","F2","HARDOUIN E.","BRASME (S) M.","L. Giscard d'Estaing\\/ciechanowicz","0","3p 10p 4p 5p 2p 4p 8p 4p 5p","6","----","----","32.5","7","3","15600","F","----","0","","","","","","7","4\\u00a0000","4","000","4","0","4000",""]	2026-04-10 05:24:36
21	1	22	duplicate_warning	warning	Ligne ignoree: participation deja en base.	["R1  : SAINT-CLOUD","D1010","17","16","27","1702","3","2","STARZO FAL","57","6","M2","POUCHIN A.","BARATTI (S) M.","F.S. Sas","A","5p 7p 11p 2p 4p 4p 3p","2","----","----","34","11","5","15400","H","----","0","","","","","","7","7\\u00a0500","7","500","7","500","7500",""]	2026-04-10 05:24:36
22	1	23	duplicate_warning	warning	Ligne ignoree: participation deja en base.	["R1  : SAINT-CLOUD","D1010","18","24","27","1801","1","4","HOLLYWOOD AFRICANS","59","11","H4","VELON MLLE M.","PERRET (S) N.","J.N. Temam","0","7p 1p 10p 4p 7p 7p        1p 2p 14p 14p 1p 7p","4","----","----","34","15","7","76400","H","----","0","","","","","","7","6\\u00a0000","6","000","6","0","6000",""]	2026-04-10 05:24:36
23	1	24	duplicate_warning	warning	Ligne ignoree: participation deja en base.	["R1  : SAINT-CLOUD","D1010","18","24","27","1802","2","6","PENTAOUR","59","1","H4","SOUMILLON C.","BOLLACK-BADEL MME M.","Ec.N.Forgeard\\/p. Bonnier","0","6p 4p 2p 3p 5p 2p 8p        7p 3p 6p 4p 1p","6","----","----","34","13","6","45680","H","----","0","","","","","","7","1\\u00a0500","1","500","1","500","1500",""]	2026-04-10 05:24:36
24	1	25	duplicate_warning	warning	Ligne ignoree: participation deja en base.	["R1  : SAINT-CLOUD","D1010","18","24","27","1803","3","11","SITUMELEDEMANDAIS","58","2","H6","PESLIER MLLE M.","SMAGA D.","M. Lagasse\\/d. Smaga","0","5p 5p 12p 7p 4p 10p 13p 8p 5p 2p 8p        2p","11","----","----","33","6.1","5","109295","H","----","0","","","","","","7","1\\u00a0600","1","600","1","600","1600",""]	2026-04-10 05:24:36
25	1	26	missing_field	error	Ligne ignoree: hippodrome ou nom du cheval manquant.	["","","","","","","","","10\\/10\\/2023   R3  :   FONTAINEBLEAU","","","","","","","","","","","----","","","","","","","","","","","","","","","","","","","",""]	2026-04-10 05:24:36
26	1	27	duplicate_warning	warning	Ligne ignoree: participation deja en base.	["R3  :   FONTAINEBLEAU","D1010","31","46","26","3106","1","6","ANABAKO DU BEARN","69","0","H7","MAYEUR R.","GRALL (S) E.","M. Lagahe","0","2c 3c Ac Ac        5s 8h 7s Ts (20) 6s 5h Th (19) 1h","6","1","----","-","3.3","2","21165","H","----","0","","","","","","7","1\\u00a0500","1","500","1","500","1500",""]	2026-04-10 05:24:36
27	1	28	duplicate_warning	warning	Ligne ignoree: participation deja en base.	["R3  :   FONTAINEBLEAU","D1010","31","46","26","3104","2","4","DAFFODIL ROSE","71","0","H10","DESVAUX A.","ZULIANI J.","J. Picard","0","6c        1c 4c 1c 1c 6c 4c (21) 5c 5c 3c 6c Dc","4","----","----","-","7.8","6","112897","H","----","0","","","","","","0","0","0","0","0","0","0",""]	2026-04-10 05:24:36
28	1	29	duplicate_warning	warning	Ligne ignoree: participation deja en base.	["R3  :   FONTAINEBLEAU","D1010","31","46","26","3102","3","2","ARAUCARIAS","73","0","H6","FIGUEIRA T.","NICOLLE F.","Mme P. Papot","0","5s        As 7s 3s 6s 4s 2s 1s 1s (21) 2s 1h 7h","2","----","----","58.5","9.4","5","62815","H","----","0","","","","","","0","0","0","0","0","0","0",""]	2026-04-10 05:24:36
29	1	30	duplicate_warning	warning	Ligne ignoree: participation deja en base.	["R3  :   FONTAINEBLEAU","D1010","32","36","30","3205","1","5","JANE DE LA BRUNIE","67","0","F4","ZULIANI L.","LAGENESTE & MACAIRE (S)","J.Crouzillac\\/mme A. Gourdon","0","(22) 1h 1s 1h 1p","5","1","----","-","1.2","9","57960","F","----","0","","","","","","8","18\\u00a0100","18","100","18","100","18100",""]	2026-04-10 05:24:36
30	1	31	duplicate_warning	warning	Ligne ignoree: participation deja en base.	["R3  :   FONTAINEBLEAU","D1010","32","36","30","3203","2","3","NERTHEUIL","67","0","H4","NABET K.","LITTMODEN NP.","E.M.M. S.A.R.L. Carion","0","3s Ts        1h 5h","3","----","----","59","10","3","26840","H","----","0","","","","","","7","8\\u00a0500","8","500","8","500","8500",""]	2026-04-10 05:24:36
31	1	32	duplicate_warning	warning	Ligne ignoree: participation deja en base.	["R3  :   FONTAINEBLEAU","D1010","32","36","30","3201","3","1","JET BOY CONTI","68","0","H4","RE G.","DELAUNAY (S) J.","P. Joubert","A","As 2s 6h 1h Th Ah 7h","1","----","----","-","15","9","20500","H","----","0","","","","","","7","3\\u00a0000","3","000","3","0","3000",""]	2026-04-10 05:24:36
32	1	33	duplicate_warning	warning	Ligne ignoree: participation deja en base.	["R3  :   FONTAINEBLEAU","D1010","33","36","23","3307","1","7","RUE BARBIZON","65","0","F3","PHILIPPERON L.","SCHMIDLIN R.","As&d. Allard (S)","0","7s 6s 4h 7h 3h 4p 5p","7","----","----","-","13","7","19145","F","----","0","","","","","","0","0","0","0","0","0","0",""]	2026-04-10 05:24:36
33	1	34	duplicate_warning	warning	Ligne ignoree: participation deja en base.	["R3  :   FONTAINEBLEAU","D1010","33","36","23","3301","2","1","KARAMBA DE GUYE","69","0","H3","LAJON W.","DELAUNAY (S) J.","X.Lippens\\/j.Cypres\\/ec. Delaunay","A","1s 7s Ah","1","----","----","-","11","1","7800","H","----","0","","","","","","7","1\\u00a0000","1","000","1","0","1000",""]	2026-04-10 05:24:36
34	1	35	duplicate_warning	warning	Ligne ignoree: participation deja en base.	["R3  :   FONTAINEBLEAU","D1010","33","36","23","3302","3","2","SHAMALRA","68","0","M3","ZULIANI L.","LAGENESTE & MACAIRE (S)","Mme M.L. Oget","0","2s 1h 4h 1h 5h        4p 6p","2","1","----","-","1.5","2","33310","H","----","0","","","","","","0","0","0","0","0","0","0",""]	2026-04-10 05:24:36
35	1	36	duplicate_warning	warning	Ligne ignoree: participation deja en base.	["R3  :   FONTAINEBLEAU","D1010","34","35","20","3401","1","1","THEAMOI","74","0","F4","MARCHAND Bas.","SEROR (S) M.","F. Mussat","0","Ah 4h 4h Ah Th        1h 2h 2h 4s 5s 3h","1","1","----","61","6.8","9","33695","F","----","0","","","","","","7","6\\u00a0000","6","000","6","0","6000",""]	2026-04-10 05:24:36
36	1	37	duplicate_warning	warning	Ligne ignoree: participation deja en base.	["R3  :   FONTAINEBLEAU","D1010","34","35","20","3402","2","2","JAGUAR LAGRANGE","73","0","H4","BRECHET L\\u00e9o P.","LEENDERS GAB.","Equotair\\/a.Pucheu\\/m. Cesari\\/stoll","A","4h 4h 4h 4h Ah 6h 1h 5h Ah        15p 1p 7p","2","----","----","55","5.9","4","22010","H","----","0","","","","","","7","1\\u00a0500","1","500","1","500","1500",""]	2026-04-10 05:24:36
37	1	38	duplicate_warning	warning	Ligne ignoree: participation deja en base.	["R3  :   FONTAINEBLEAU","D1010","34","35","20","3406","3","6","BEST WOMEN","71","0","F4","LAUNAY MME Oc\\u00e9.","SEROR (S) M.","M. Gianni","0","4h 3s 7s 5h 2s 9s 2h 8h 10h 8h 2h        3h","6","----","----","56","9.9","4","49205","F","----","0","","","","","","0","0","0","0","0","0","0",""]	2026-04-10 05:24:36
38	1	39	duplicate_warning	warning	Ligne ignoree: participation deja en base.	["R3  :   FONTAINEBLEAU","D1010","35","35","23","3506","1","6","SHANNON BLOOM","66","0","F3","NABET K.","SOURDEAU DE BEAUREGARD D.","H. Devin","A","Ah","6","----","----","-","8.1","9","0","F","----","0","","","","","","0","0","0","0","0","0","0",""]	2026-04-10 05:24:36
39	1	40	duplicate_warning	warning	Ligne ignoree: participation deja en base.	["R3  :   FONTAINEBLEAU","D1010","35","35","23","3501","2","1","KARMA D'OLIVATE","68","0","F3","COYER J.","PITART M.","E.Ruiz Colechar\\/p. Philippot","0","2h 6p 9p","1","1","----","-","4.2","2","5980","F","----","0","","","","","","0","0","0","0","0","0","0",""]	2026-04-10 05:24:36
40	1	41	duplicate_warning	warning	Ligne ignoree: participation deja en base.	["R3  :   FONTAINEBLEAU","D1010","35","35","23","3507","3","7","POURPRE","66","0","F3","BRECHET L\\u00e9o P.","LEENDERS GAB.","Ec.H.Guerin\\/ec. Horse Avenir","0","Ah","7","----","----","-","9.7","9","0","F","----","0","","","","","","8","17\\u00a0300","17","300","17","300","17300",""]	2026-04-10 05:24:36
41	1	42	duplicate_warning	warning	Ligne ignoree: participation deja en base.	["R3  :   FONTAINEBLEAU","D1010","36","35","23","3612","1","12","CHIMICHURI","66","0","H3","PHILIPPERON L.","ROLLAND (S) M.","P. Sander","0","Th 5p 4p 1p        6p","12","1","----","-","7.7","9","6950","H","----","0","","","","","","8","18\\u00a0850","18","850","18","850","18850",""]	2026-04-10 05:24:36
42	1	43	duplicate_warning	warning	Ligne ignoree: participation deja en base.	["R3  :   FONTAINEBLEAU","D1010","36","35","23","3601","2","1","BLUE BORANA","68","0","H3","RE G.","LEENDERS GAB.","Mme S.A. Bramall","0","4h 5h Th","1","1","----","-","4.2","4","4320","H","----","0","","","","","","8","54\\u00a0050","54","050","54","50","54050",""]	2026-04-10 05:24:36
43	1	44	duplicate_warning	warning	Ligne ignoree: participation deja en base.	["R3  :   FONTAINEBLEAU","D1010","36","35","23","3613","3","13","KARAMELO","66","0","H3","GAUFFENIC N.","MENATO MLLE G.","S.A.R.L.G. Kr","0","0","13","----","----","-","15","9","0","H","----","0","","","","","","8","15\\u00a0500","15","500","15","500","15500",""]	2026-04-10 05:24:36
44	1	45	duplicate_warning	warning	Ligne ignoree: participation deja en base.	["R3  :   FONTAINEBLEAU","D1010","37","35","23","3701","1","1","BE SURE","71","0","H4","RIOU C.","DELAUNAY (S) J.","S.A.R.L. Groupe Kr\\/ecurie Delaunay","X","2h 2h 2h 8p 5p        8p 5p 6p 4p 5p","1","1","----","58","6","2","14380","H","----","0","","","","","","8","28\\u00a0900","28","900","28","900","28900",""]	2026-04-10 05:24:36
45	1	46	duplicate_warning	warning	Ligne ignoree: participation deja en base.	["R3  :   FONTAINEBLEAU","D1010","37","35","23","3702","2","2","BLUE STYLE","70","0","H4","FERREIRA N.","DEHEZ (S) S.","D. Gallet","X","7h 4h 5h 5h 4h        8p 9p 6p 6p","2","----","----","53","12","7","9380","H","----","0","","","","","","8","22\\u00a0050","22","050","22","50","22050",""]	2026-04-10 05:24:36
46	1	47	duplicate_warning	warning	Ligne ignoree: participation deja en base.	["R3  :   FONTAINEBLEAU","D1010","37","35","23","3707","3","7","MAILLOT VERT","67","0","H4","REVELEY J.","LEECH MME S.","Suc.C.J. Leech","0","3p 2p","7","1","----","-","4.7","3","0","H","----","0","","","","","","8","31\\u00a0200","31","200","31","200","31200",""]	2026-04-10 05:24:36
47	1	48	missing_field	error	Ligne ignoree: hippodrome ou nom du cheval manquant.	["","","","","","","","","11\\/10\\/2023   R3  :    CHANTILLY","","","","","","","","","","","","","","","","","","","","","","","","","","","","","","",""]	2026-04-10 05:24:36
48	1	49	duplicate_warning	warning	Ligne ignoree: participation deja en base.	["R3 : CHANTILLY","D1011","31","30","12","3101","1","1","SEREMINI","58","4","M2","GUYON M.","GRAFFARD (S) FH.","S.A. Aga Khan","0","6p","1","1","2","0","3","6","1500","H","","","","","","","","","","","","","","",""]	2026-04-10 05:24:36
49	1	50	duplicate_warning	warning	Ligne ignoree: participation deja en base.	["R3 : CHANTILLY","D1011","31","30","12","3107","2","7","AUTUMN TWIST","58","5","M2","BARZALONA M.","FABRE (S) A.","G. Snc","0","4p 4p","7","1","----","0","6.1","4","6000","H","","","","","","","","","","","","","","",""]	2026-04-10 05:24:36
50	1	51	duplicate_warning	warning	Ligne ignoree: participation deja en base.	["R3 : CHANTILLY","D1011","31","30","12","3105","3","5","LORD SINCLAIR","58","6","M2","SOUMILLON C.","LERNER (S) C&Y.","F&o Hinderze Racing\\/ecurie Jml","0","2p","5","1","1","0","2.2","2","9500","H","","","","","","","","","","","","","","",""]	2026-04-10 05:24:36
51	1	52	duplicate_warning	warning	Ligne ignoree: participation deja en base.	["R3 : CHANTILLY","D1011","32","40","12","3204","1","4","WINTER'S LOVE","54.5","4","F3","BARZALONA M.","PANTALL (S) HA.","G. Snc","0","14p 3p 12p 2p 6p 1p 6p 1p         7p","4","----","----","39","5.6","9","27750","F","","","","","","","","","","","","","","",""]	2026-04-10 05:24:36
52	1	53	duplicate_warning	warning	Ligne ignoree: participation deja en base.	["R3 : CHANTILLY","D1011","32","40","12","3201","2","1","FORTUNE","60","3","M3","PASQUIER S.","CHAPPET F.","R. Shaykhutdinov","A","4p 5p 12p 4p 5p 3p         1p 1p","1","1","2","44.5","2.9","4","60250","H","","","","","","","","","","","","","","",""]	2026-04-10 05:24:36
53	1	54	duplicate_warning	warning	Ligne ignoree: participation deja en base.	["R3 : CHANTILLY","D1011","32","40","12","3205","3","5","FIRST SNOW MOON","54","7","F3","POUCHIN A.","WATTEL (S) S.","Oceanic Bloodstock\\/a. Gravereaux","0","4p 1p 6p         4p","5","----","----","38.5","9","4","19000","F","","","","","","","","","","","","","","",""]	2026-04-10 05:24:36
54	1	55	duplicate_warning	warning	Ligne ignoree: participation deja en base.	["R3 : CHANTILLY","D1011","33","18","30","3302","1","2","ALAKAI","58","5","F2","GUYON M.","FABRE (S) A.","N. Bizakov","0","2p 4p","2","1","1","0","2","2","9800","F","","","","","","","","","","","","","","",""]	2026-04-10 05:24:36
55	1	56	duplicate_warning	warning	Ligne ignoree: participation deja en base.	["R3 : CHANTILLY","D1011","33","18","30","3301","2","1","SIYANDRA","58","2","F2","BARZALONA M.","GRAFFARD (S) FH.","H.H. Aga Khan","0","2p","1","1","2","0","3.1","2","9500","F","","","","","","","","","","","","","","",""]	2026-04-10 05:24:36
56	1	57	duplicate_warning	warning	Ligne ignoree: participation deja en base.	["R3 : CHANTILLY","D1011","33","18","30","3304","3","4","GOOSEBUMPY","58","6","F2","MOSSE G.","DELZANGLES M.","I.N. Horses","0","4p","4","1","3","0","6.5","4","4000","F","","","","","","","","","","","","","","",""]	2026-04-10 05:24:36
57	1	58	duplicate_warning	warning	Ligne ignoree: participation deja en base.	["R3 : CHANTILLY","D1011","34","19","27","3404","1","4","PARCHEMIN","57","2","H5","BARZALONA M.","FABRE (S) A.","G. Snc","0","2p 2p 5p 3p 5p 1p         5p 1p 5p 7p 9p 6p","4","1","1","45","1.8","2","176390","H","","","","","","","","","","","","","","",""]	2026-04-10 05:24:36
58	1	59	duplicate_warning	warning	Ligne ignoree: participation deja en base.	["R3 : CHANTILLY","D1011","34","19","27","3406","2","6","QUEST THE MOON","57","7","H7","PIECHULEK R.","STEINBERG MME S.","S. Salzburg","0","2p 7p         1p 1p 3p (21) 3p 5p (20) 6p 2p 3p 1p (1","6","1","2","44","3.6","2","304208","H","","","","","","","","","","","","","","",""]	2026-04-10 05:24:36
59	1	60	duplicate_warning	warning	Ligne ignoree: participation deja en base.	["R3 : CHANTILLY","D1011","34","19","27","3408","3","8","NARMADA","55.5","8","F4","MURZABAYEV B.","WEISS Mar.","G. Brummerhof","X","5p 9p 5p 8p         8p 4p 6p 2p 2p 1p (21) 2p","8","----","----","0","10","5","28500","F","","","","","","","","","","","","","","",""]	2026-04-10 05:24:36
60	1	61	duplicate_warning	warning	Ligne ignoree: participation deja en base.	["R3 : CHANTILLY","D1011","35","13","21","3512","1","12","POLIVATE","53.5","6","F5","SANTIAGO MLLE D.","MACEDO DA SILVA J.","J.M.D. Silva","0","11p 2p 8p 10p 15p         13p 14p 7p 5p 9p 8p 5p","12","1","----","20","4.4","9","11850","F","","","","","","","","","","","","","","",""]	2026-04-10 05:24:36
61	1	62	duplicate_warning	warning	Ligne ignoree: participation deja en base.	["R3 : CHANTILLY","D1011","35","13","21","3509","2","9","RED NUDE ROUGE","56","4","F5","MARIE Benj.","SPEICHER T.","Cama","0","7p 2p 4p 4p 6p 5p 13p 10p 10p 3p         10p 11p","9","1","----","22.5","10","7","45210","F","","","","","","","","","","","","","","",""]	2026-04-10 05:24:36
62	1	63	duplicate_warning	warning	Ligne ignoree: participation deja en base.	["R3 : CHANTILLY","D1011","35","13","21","3505","3","5","TWIN BOY","58","2","H5","GUYON M.","PLISSON (S) CH.","Ch. Plisson (S)","A","4p 1p 6p 1p 3p 3p 3p 2p 5p 4p 7p 4p","5","1","1","24.5","6.1","4","96436","H","","","","","","","","","","","","","","",""]	2026-04-10 05:24:36
63	1	64	duplicate_warning	warning	Ligne ignoree: participation deja en base.	["R3 : CHANTILLY","D1011","36","19","23","3604","1","4","AMRITA","60","6","M4","LOPEZ LERET MLLE D.","MUNCH (S) M.","E. Schwaiger","0","10p 3p 2p 7p 5p 5p 2p 10p 12p","4","----","----","34","13","9","11450","H","","","","","","","","","","","","","","",""]	2026-04-10 05:24:36
64	1	65	duplicate_warning	warning	Ligne ignoree: participation deja en base.	["R3 : CHANTILLY","D1011","36","19","23","3602","2","2","DREAM FOR ALL","61","3","H6","MENGES MME P.","BOUTIN (S) M.","R. Stars","0","3p 2p 2p 9p 7p 15p 4p 3p 1p 14p 3p         5p","2","1","1","34.5","5.1","3","92720","H","","","","","","","","","","","","","","",""]	2026-04-10 05:24:36
65	1	66	duplicate_warning	warning	Ligne ignoree: participation deja en base.	["R3 : CHANTILLY","D1011","36","19","23","3607","3","7","LAZY","59","8","H5","LE GEAY MLLE L.","FEY MLLE C.","Z.Wentworth\\/c. Wentworth","A","6p 6p 5p 13p         1p 5p 3p 6p 9p 2p 3p (21) 1p","7","1","2","33","4.9","6","31510","H","","","","","","","","","","","","","","",""]	2026-04-10 05:24:36
66	1	67	duplicate_warning	warning	Ligne ignoree: participation deja en base.	["R3 : CHANTILLY","D1011","37","19","23","3704","1","4","OLYMPIADE","55.5","4","F3","MURZABAYEV B.","WATTEL (S) S.","N. Bizakov","0","2p 5p 6p 3p","4","1","1","34","4.8","2","9300","F","","","","","","","","","","","","","","",""]	2026-04-10 05:24:36
67	1	68	duplicate_warning	warning	Ligne ignoree: participation deja en base.	["R3 : CHANTILLY","D1011","37","19","23","3705","2","5","KAWARETH","55.5","5","F3","LECOEUVRE C.","DEVIN (S) HF.","Dr Susan Kendall \\/ Annua Racing","0","5p 2p 6p 5p","5","----","----","33","10","5","5900","F","","","","","","","","","","","","","","",""]	2026-04-10 05:24:36
68	1	69	duplicate_warning	warning	Ligne ignoree: participation deja en base.	["R3 : CHANTILLY","D1011","37","19","23","3703","3","3","DUNSBOROUGH","56","3","H3","BESNIER H.","RICHTER S.","K. Brieskorn","0","6p 1p 3p 9p 2p         4p 12p","3","----","----","33","12","6","14300","H","","","","","","","","","","","","","","",""]	2026-04-10 05:24:36
69	1	70	duplicate_warning	warning	Ligne ignoree: participation deja en base.	["R3 : CHANTILLY","D1011","38","13","23","3812","1","12","GREY BELLE","56","1","F4","PICCONE T.","MONFORT (S) FR.","A. Don","X","2p 5p 12p 4p 3p 4p 4p 6p 7p         4p 2p 10p","12","1","1","28","6.6","2","29171","F","","","","","","","","","","","","","","",""]	2026-04-10 05:24:36
70	1	71	duplicate_warning	warning	Ligne ignoree: participation deja en base.	["R3 : CHANTILLY","D1011","38","13","23","3807","2","7","INVESTISSEUR","57.5","10","M4","TRULLIER T.","FRADET (S) R.","S.Grandin\\/m. Nikitas","0","4p 9p 6p 3p 8p 14p         1p 4p 4p (21) 3p 1p 2p","7","----","----","29.5","15","4","36410","H","","","","","","","","","","","","","","",""]	2026-04-10 05:24:36
71	1	72	duplicate_warning	warning	Ligne ignoree: participation deja en base.	["R3 : CHANTILLY","D1011","38","13","23","3803","3","3","CHILLI BOY","59","8","M4","VERON F.","ALIMPINISIS G.","A. Dimitropoulos","A","9p 9p 3p 6p 14p 11p 4p 2p 13p         1p 3p 10p","3","----","----","31","12","9","38200","H","","","","","","","","","","","","","","",""]	2026-04-10 05:24:36
72	1	73	missing_field	error	Ligne ignoree: hippodrome ou nom du cheval manquant.	["","","","","","","","","11\\/10\\/2023   R4  :    LE-CROISE-LAROCHE","","","","","","","","","","","","","","","","","","","","","","","","","","","","","","",""]	2026-04-10 05:24:36
73	1	74	duplicate_warning	warning	Ligne ignoree: participation deja en base.	["R3 : CHANTILLY","D1011","41","18","19","4106","1","6","BEAUTIFUL ASPEN","55.5","5","F5","POUCHIN A.","LIBAUD (S) E.","P. Lemoine-Boucaud","X","2p 13p 2p         4p 7p 2p 7p 2p 12p 2p 10p (21) 4p","6","1","1","35","1.8","2","74700","F","","","","","","","","","","","","","","",""]	2026-04-10 05:24:36
74	1	75	duplicate_warning	warning	Ligne ignoree: participation deja en base.	["R3 : CHANTILLY","D1011","41","18","19","4103","2","3","NOTTINGHAM","57.5","6","F5","LEMAITRE A.","BLUME H. A.","H.D. Jarling","0","11p 4p 1p 5p 13p 13p 12p         10p 10p 6p 1p 4p","3","1","----","33.5","5.7","9","77185","F","","","","","","","","","","","","","","",""]	2026-04-10 05:24:36
75	1	76	duplicate_warning	warning	Ligne ignoree: participation deja en base.	["R3 : CHANTILLY","D1011","41","18","19","4107","3","7","SUNRAY","54.5","7","F4","MAILLOT S.","CLEMENT (S) N.","L. Dyer","0","13p 6p 10p 15p 3p         13p 6p 6p 4p 3p 2p 1p","7","----","----","30.5","23","9","54480","F","","","","","","","","","","","","","","",""]	2026-04-10 05:24:36
76	1	77	duplicate_warning	warning	Ligne ignoree: participation deja en base.	["R3 : CHANTILLY","D1011","42","18","16","4207","1","7","ALBERT BRIDGE","56","6","H5","CHEYER MME Per.","SMITH MME DU.","M. Smith","A","11p 10p 10p 8p 6p 11p 14p 7p 15p         1p 4p 7p","7","----","----","21","22","9","50750","H","","","","","","","","","","","","","","",""]	2026-04-10 05:24:36
77	1	78	duplicate_warning	warning	Ligne ignoree: participation deja en base.	["R3 : CHANTILLY","D1011","42","18","16","4204","2","4","SHOWMETHEGIN","58","5","H7","BOISSEAU L.","LE GAL R.","D. Dumoulin","0","1p 5p 12p         2p 2p 12p 1p 10p 11p 6p 15p 13p","4","----","----","23","9.4","1","90230","H","","","","","","","","","","","","","","",""]	2026-04-10 05:24:36
78	1	79	duplicate_warning	warning	Ligne ignoree: participation deja en base.	["R3 : CHANTILLY","D1011","42","18","16","4206","3","6","LOU BALICOT","57","7","F5","PACAUT MLLE C.","GUARNIERI M.","G. Lachi","0","7p 17p 13p 12p 8p 13p 11p 1p 10p 3p 12p 8p","6","----","----","22","7.2","7","57470","F","","","","","","","","","","","","","","",""]	2026-04-10 05:24:36
79	1	80	duplicate_warning	warning	Ligne ignoree: participation deja en base.	["R3 : CHANTILLY","D1011","43","18","19","4303","1","3","RIYAK","60","6","H5","BARZALONA M.","ROHNE R.","L.U. Racing","0","2p 6p 1p 2p 5p 3p 4p 5p 6p 2p 3p 13p","3","1","2","30","3.5","2","57399","H","","","","","","","","","","","","","","",""]	2026-04-10 05:24:36
80	1	81	duplicate_warning	warning	Ligne ignoree: participation deja en base.	["R3 : CHANTILLY","D1011","43","18","19","4309","2","9","LEX LUTHOR","55","4","H6","BERGE C.","WEISSMEIER FX.","B. Stall Andiamo","X","6p 2p 3p 6p 4p 8p 5p 8p 4p 2p 8p 5p","9","----","----","25","9.4","6","58930","H","","","","","","","","","","","","","","",""]	2026-04-10 05:24:36
81	1	82	duplicate_warning	warning	Ligne ignoree: participation deja en base.	["R3 : CHANTILLY","D1011","43","18","19","4302","3","2","BURATTINA","60","5","F5","SANTIAGO MLLE D.","WEISSMEIER M. F.","S. Hexenberg","A","2p 6p 3p 2p 3p 3p 5p 11p 9p 2p 5p         6p","2","1","----","30","3.9","2","65925","F","","","","","","","","","","","","","","",""]	2026-04-10 05:24:36
82	1	83	duplicate_warning	warning	Ligne ignoree: participation deja en base.	["R3 : CHANTILLY","D1011","44","18","12","4405","1","5","NORSK","56","3","H2","KOYUNCU MME S.","HOFER MAR.","E. Sauren","X","6p 9p","5","1","----","0","8","6","0","H","","","","","","","","","","","","","","",""]	2026-04-10 05:24:36
83	1	84	duplicate_warning	warning	Ligne ignoree: participation deja en base.	["R3 : CHANTILLY","D1011","44","18","12","4408","2","8","WALDLADY","54.5","4","F2","MADAMET A.","SUBORICS A.","S. Bergholz","0","9p 6p 10p","8","----","----","0","9.1","9","0","F","","","","","","","","","","","","","","",""]	2026-04-10 05:24:36
84	1	85	duplicate_warning	warning	Ligne ignoree: participation deja en base.	["R3 : CHANTILLY","D1011","44","18","12","4401","3","1","LAMAJESTIK","58.5","7","F2","PACAUT MLLE C.","BOUTIN (S) M.","L.Baudouin\\/c. Georgeault","0","1p 3p 6p 7p 7p 4p 9p 4p 1p 7p","1","1","1","0","2.1","1","21925","F","","","","","","","","","","","","","","",""]	2026-04-10 05:24:36
85	1	86	duplicate_warning	warning	Ligne ignoree: participation deja en base.	["R3 : CHANTILLY","D1011","45","11","17","4502","1","2","WILD WEST","58","6","M3","BARZALONA M.","DELCHER SANCHEZ M.","I.Corbani\\/ec. Pandora Racing","0","3p 4p 8p 4p 2p 4p 4p","2","----","----","33","2.4","3","15850","H","","","","","","","","","","","","","","",""]	2026-04-10 05:24:36
86	1	87	duplicate_warning	warning	Ligne ignoree: participation deja en base.	["R3 : CHANTILLY","D1011","45","11","17","4504","2","4","SIXTUS","58","2","H3","LEMAITRE A.","NIGGE (S) M.","Mme C. Zass","A","3p 5p 9p 8p 6p 7p 4p 3p         5p 3p 3p 9p","4","1","1","33.5","5.2","3","20420","H","","","","","","","","","","","","","","",""]	2026-04-10 05:24:36
87	1	88	duplicate_warning	warning	Ligne ignoree: participation deja en base.	["R3 : CHANTILLY","D1011","45","11","17","4507","3","7","SAINTED FORTUNE","56.5","7","F3","HARDOUIN E.","GEISLER G.","S. Kapellebuckl","0","4p 9p 3p 8p 5p","7","----","----","0","10","4","2975","F","","","","","","","","","","","","","","",""]	2026-04-10 05:24:36
88	1	89	duplicate_warning	warning	Ligne ignoree: participation deja en base.	["R3 : CHANTILLY","D1011","46","11","17","4609","1","9","CUREJ","55.5","4","H3","PACAUT MLLE C.","GUARNIERI M.","L.A. Morari","A","3p 7p 7p 8p 5p 10p 4p 10p 5p 6p         11p 7p","9","1","2","24.5","8.5","3","6200","H","","","","","","","","","","","","","","",""]	2026-04-10 05:24:36
89	1	90	duplicate_warning	warning	Ligne ignoree: participation deja en base.	["R3 : CHANTILLY","D1011","46","11","17","4602","2","2","ADDICTION DREAM","60","1","F3","CARBONI Luc.","GRAFFARD (S) FH.","S.C.E.A.H.D. Poiriers","0","10p 8p 10p 11p 3p 4p","2","----","----","29","8.3","9","5850","F","","","","","","","","","","","","","","",""]	2026-04-10 05:24:36
90	1	91	duplicate_warning	warning	Ligne ignoree: participation deja en base.	["R3 : CHANTILLY","D1011","46","11","17","4604","3","4","RASTIGNAC","59.5","11","H3","MANGIONE R.","BIETOLINI G.","A. Pierini","0","7p 4p 2p 4p 12p 9p 5p 2p 5p","4","----","----","28.5","11","7","11400","H","","","","","","","","","","","","","","",""]	2026-04-10 05:24:36
91	1	92	duplicate_warning	warning	Ligne ignoree: participation deja en base.	["R3 : CHANTILLY","D1011","47","25","12","4701","1","1","LET'S GET LOUD","58.5","7","F3","PROVOST D.","BARBEROT (S) Y.","Mme M. Faust","A","6p 5p 3p 1p","1","1","1","37","1.3","6","19450","F","","","","","","","","","","","","","","",""]	2026-04-10 05:24:36
92	1	93	duplicate_warning	warning	Ligne ignoree: participation deja en base.	["R3 : CHANTILLY","D1011","47","25","12","4705","2","5","GOLDROSCHEN","56.5","3","F3","MADAMET A.","HICKST W.","S.C. Diem","0","1p 4p 7p 5p","5","1","2","0","4.7","1","10025","F","","","","","","","","","","","","","","",""]	2026-04-10 05:24:36
93	1	94	duplicate_warning	warning	Ligne ignoree: participation deja en base.	["R3 : CHANTILLY","D1011","47","25","12","4703","3","3","LIDISBARN","58","4","H3","PACAUT MLLE C.","PHELIPPON J.","S. Quillet","A","4p 9p 5p 13p 3p 2p 5p 3p 3p 6p 3p 5p","3","----","----","27","26","4","49155","H","","","","","","","","","","","","","","",""]	2026-04-10 05:24:36
94	1	95	duplicate_warning	warning	Ligne ignoree: participation deja en base.	["R3 : CHANTILLY","D1011","48","32","14","4802","1","2","VISIONARY DREAMER","59","6","H7","BACHELOT T.","KUJATH W.","S. Gremlin","0","2p 9p 1p 12p 3p 2p 12p 2p         Dp 1p 2p 5p","2","1","2","24","4.3","2","94445","H","","","","","","","","","","","","","","",""]	2026-04-10 05:24:36
95	1	96	duplicate_warning	warning	Ligne ignoree: participation deja en base.	["R3 : CHANTILLY","D1011","48","32","14","4807","2","7","MORNING SPIRIT","51.5","3","F4","MARIE Benj.","SAUVAGE MME N.","N. Sauvage","0","8p 6p 4p 4p 7p 13p 13p         8p 12p 11p 4p 2p","7","----","----","16.5","16","8","21525","F","","","","","","","","","","","","","","",""]	2026-04-10 05:24:36
96	1	97	duplicate_warning	warning	Ligne ignoree: participation deja en base.	["R3 : CHANTILLY","D1011","48","32","14","4801","3","1","MAC LA TAMBOUILLE","60","4","H5","BARZALONA M.","COLLET (S) ROD.","O. Post","0","1p 6p 12p 12p 8p 11p         8p 12p 4p 8p 5p 1p","1","1","1","25","2.5","1","57370","H","","","","","","","","","","","","","","",""]	2026-04-10 05:24:36
97	1	98	missing_field	error	Ligne ignoree: hippodrome ou nom du cheval manquant.	["","","","","","","","","12\\/10\\/2023   R1  :   CHANTILLY","","","","","","","","","","","","","","","","","","","","","","","","","","","","","","",""]	2026-04-10 05:24:36
98	1	99	duplicate_warning	warning	Ligne ignoree: participation deja en base.	["R1 : CHANTILLY","D1012","11","12","53","1103","1","3","OZAN","60","4","H5","MOSSE G.","DOLEUZE G.","Mlle C. Stephenson","","8p 10p 2p 6p 1p         1p 3p 8p 13p 4p 11p 2p","3","1","----","","12","8","109550","H","","","","","","","","","","","","","","",""]	2026-04-10 05:24:36
99	1	100	duplicate_warning	warning	Ligne ignoree: participation deja en base.	["R1 : CHANTILLY","D1012","11","12","53","1116","2","16","SIYOUANGEL","52.5","2","F4","MANGIONE R.","HERNON G.","R.R. Ltd","","6p 9p 3p 5p 5p         4p 1p 2p 3p 2p 4p","16","----","----","","9.4","6","34580","F","","","","","","","","","","","","","","",""]	2026-04-10 05:24:36
100	1	101	duplicate_warning	warning	Ligne ignoree: participation deja en base.	["R1 : CHANTILLY","D1012","11","12","53","1109","3","9","ISMAEL PAINT","56","8","H5","VELON MLLE M.","PLISSON (S) CH.","Ch. Plisson (S)","A","10p 6p 4p 1p 1p 2p 2p 3p 4p 5p 7p 6p","9","----","----","","19","9","90625","H","","","","","","","","","","","","","","",""]	2026-04-10 05:24:36
101	1	102	duplicate_warning	warning	Ligne ignoree: participation deja en base.	["R1 : CHANTILLY","D1012","12","15","34","1205","1","5","ATLAST","55.5","5","M2","GUYON M.","FERLAND (S) C.","F. Wertheimer","","2p","5","----","----","","7.6","2","9500","H","","","","","","","","","","","","","","",""]	2026-04-10 05:24:36
102	1	103	duplicate_warning	warning	Ligne ignoree: participation deja en base.	["R1 : CHANTILLY","D1012","12","15","34","1202","2","2","TALENTUOSO","57","2","M2","SOUMILLON C.","CHAPPET F.","B. Racing","","1p","2","1","2","","3.1","1","15000","H","","","","","","","","","","","","","","",""]	2026-04-10 05:24:36
103	1	104	duplicate_warning	warning	Ligne ignoree: participation deja en base.	["R1 : CHANTILLY","D1012","12","15","34","1204","3","4","SUPERCOOLED","57","4","M2","PASQUIER S.","FABRE (S) A.","L.T. D Flaxman Stables Ireland","","1p","4","1","1","","1.7","1","15000","H","","","","","","","","","","","","","","",""]	2026-04-10 05:24:36
104	1	105	duplicate_warning	warning	Ligne ignoree: participation deja en base.	["R1 : CHANTILLY","D1012","13","19","13","1305","1","5","ON Y VA","56","5","M6","BARON T.","LE GAL R.","D. Dumoulin","X","8p 4p 2p 8p 9p 6p 8p 12p 5p 10p 6p 14p","5","1","2","","7.1","8","75090","H","","","","","","","","","","","","","","",""]	2026-04-10 05:24:36
105	1	106	duplicate_warning	warning	Ligne ignoree: participation deja en base.	["R1 : CHANTILLY","D1012","13","19","13","1307","2","7","GOLFING STAR","56","6","H5","BACHELOT T.","CERULIS S.","S. Cerulis\\/helivet","X","12p 7p 6p 10p 7p 1p         14p Ap 4p 5p 2p 2p","7","----","----","","10","9","19700","H","","","","","","","","","","","","","","",""]	2026-04-10 05:24:36
106	1	107	duplicate_warning	warning	Ligne ignoree: participation deja en base.	["R1 : CHANTILLY","D1012","13","19","13","1311","3","11","JANISA BERE","54.5","7","F4","MOUTARD Jer.","AUDOUIN B.","L. Moutard","","2p 8p         10p 6p 8p 3p 1p 4p 6p 2p 4p 1p","11","----","----","","7.3","2","21450","F","","","","","","","","","","","","","","",""]	2026-04-10 05:24:36
107	1	108	duplicate_warning	warning	Ligne ignoree: participation deja en base.	["R1 : CHANTILLY","D1012","14","12","30","1406","1","6","EGIATEGIA","56.5","8","F2","BARZALONA M.","GUARNIERI M.","Vitale","","2p 4p","6","----","----","","6.1","2","9800","F","","","","","","","","","","","","","","",""]	2026-04-10 05:24:36
108	1	109	duplicate_warning	warning	Ligne ignoree: participation deja en base.	["R1 : CHANTILLY","D1012","14","12","30","1402","2","2","BROTHERS OF LILY'S","58","2","M2","POUCHIN A.","BARBEROT (S) Y.","Normandy Spirit","","5p 4p 5p","2","----","----","","5.9","5","20500","H","","","","","","","","","","","","","","",""]	2026-04-10 05:24:36
109	1	110	duplicate_warning	warning	Ligne ignoree: participation deja en base.	["R1 : CHANTILLY","D1012","14","12","30","1410","3","10","TAZARA","54.5","10","F2","GUYON M.","FERLAND (S) C.","E.Babington\\/a.Hoyeau\\/n. Holmes","","0","10","----","----","","12","9","0","F","","","","","","","","","","","","","","",""]	2026-04-10 05:24:36
110	1	111	duplicate_warning	warning	Ligne ignoree: participation deja en base.	["R1 : CHANTILLY","D1012","15","15","34","1504","1","4","DYPTIQUE","57","4","F2","GUYON M.","FERLAND (S) C.","I. Corbani\\/infinity 9 Horses","","3p 1p","4","1","2","","3.2","3","15550","F","","","","","","","","","","","","","","",""]	2026-04-10 05:24:36
111	1	112	duplicate_warning	warning	Ligne ignoree: participation deja en base.	["R1 : CHANTILLY","D1012","15","15","34","1503","2","3","DANCE SIOUX","57","2","F2","DEMURO C.","BARY (S) P.","Laghi France","","4p 2p 7p Tp 1p 3p","3","1","1","","1.9","4","29700","F","","","","","","","","","","","","","","",""]	2026-04-10 05:24:36
112	1	113	duplicate_warning	warning	Ligne ignoree: participation deja en base.	["R1 : CHANTILLY","D1012","15","15","34","1501","3","1","VERMELHO","57","1","F2","LECOEUVRE C.","DEVIN (S) HF.","Rebecca Hillen","","4p 3p 1p 3p 6p","1","1","----","","8.6","4","21700","F","","","","","","","","","","","","","","",""]	2026-04-10 05:24:36
113	1	114	duplicate_warning	warning	Ligne ignoree: participation deja en base.	["R1 : CHANTILLY","D1012","16","15","35","1604","1","4","GAMESTOP","57","6","M3","GUYON M.","FERLAND (S) C.","Fr\\u00e8res Wertheimer","","6p 4p         2p 3p 3p 1p","4","1","2","","2","6","119720","H","","","","","","","","","","","","","","",""]	2026-04-10 05:24:36
114	1	115	duplicate_warning	warning	Ligne ignoree: participation deja en base.	["R1 : CHANTILLY","D1012","16","15","35","1602","2","2","WILLIAM TELL","57","4","H3","BARZALONA M.","FABRE (S) A.","Godolphin Snc","X","4p 8p 2p 3p 2p 1p         10p 2p","2","1","1","","3","4","47200","H","","","","","","","","","","","","","","",""]	2026-04-10 05:24:36
115	1	116	duplicate_warning	warning	Ligne ignoree: participation deja en base.	["R1 : CHANTILLY","D1012","16","15","35","1601","3","1","APAX","57","2","H3","MURZABAYEV B.","NIGGE (S) M.","Lutz Bongen","","7p 2p 1p 2p 1p 2p 3p 3p         4p 2p","1","1","----","","6.8","7","81050","H","","","","","","","","","","","","","","",""]	2026-04-10 05:24:36
116	1	117	duplicate_warning	warning	Ligne ignoree: participation deja en base.	["R1 : CHANTILLY","D1012","17","16","19","1714","1","14","AMBOISE","54.5","8","F4","GUYON M.","ROHAUT F.","Je.Strauss \\/ G. Augustin-Normand","","16p 14p 5p         1p 1p 1p 3p 3p 4p","14","----","----","","7.7","9","55700","F","","","","","","","","","","","","","","",""]	2026-04-10 05:24:36
117	1	118	duplicate_warning	warning	Ligne ignoree: participation deja en base.	["R1 : CHANTILLY","D1012","17","16","19","1701","2","1","ZANDJAN","58","9","H4","DEMURO C.","GREWE H.","Darius Racing","X","7p 4p 8p 6p 2p 5p         1p 9p 11p 6p 4p 11p","1","1","2","","9.7","7","28650","H","","","","","","","","","","","","","","",""]	2026-04-10 05:24:36
118	1	119	duplicate_warning	warning	Ligne ignoree: participation deja en base.	["R1 : CHANTILLY","D1012","17","16","19","1703","3","3","LAILAHO","58","13","M5","BACHELOT T.","URBANEK L.","Loko Trans","","8p 5p 5p 3p 6p         5p 2p 5p 5p 3p 2p 4p","3","----","----","","19","8","22738","H","","","","","","","","","","","","","","",""]	2026-04-10 05:24:36
119	1	120	duplicate_warning	warning	Ligne ignoree: participation deja en base.	["R1 : CHANTILLY","D1012","18","12","27","1810","1","10","DROGO","54","9","H5","BARZALONA M.","DISSAUX MLLE V.","Nadine Giovannelli","","1p 9p 5p 8p 5p 2p 2p 4p 16p         8p 6p 10p","10","----","----","","11","1","72800","H","","","","","","","","","","","","","","",""]	2026-04-10 05:24:36
120	1	121	duplicate_warning	warning	Ligne ignoree: participation deja en base.	["R1 : CHANTILLY","D1012","18","12","27","1806","2","6","KING ROBBE","58","2","H6","MAILLOT S.","BOUTIN (S) M.","Bertrand Dutruel","","2p 9p 8p 8p 8p 6p 3p 6p 4p 10p 7p 6p","6","----","----","","8.4","2","197910","H","","","","","","","","","","","","","","",""]	2026-04-10 05:24:36
121	1	122	duplicate_warning	warning	Ligne ignoree: participation deja en base.	["R1 : CHANTILLY","D1012","18","12","27","1802","3","2","SEASCAPE GIRL","60","1","F4","CHEYER MME Per.","DECOUZ (S) P.","C.Desmetz\\/s. Lloyd","A","10p 3p 1p 11p 2p 8p 9p 11p 8p 3p 10p         3p","2","----","----","","23","9","53400","F","","","","","","","","","","","","","","",""]	2026-04-10 05:24:36
\.


--
-- Data for Name: import_session; Type: TABLE DATA; Schema: public; Owner: app
--

COPY public.import_session (id, file_name, imported_at, status, total_rows, rows_imported, rows_skipped, error_count) FROM stdin;
1	pbet_res.xlsx	2026-04-10 05:24:36	failed_with_errors	121	0	121	121
\.


--
-- Data for Name: participation; Type: TABLE DATA; Schema: public; Owner: app
--

COPY public.participation (id, saddle_number, finishing_position, age_at_race, distance_or_weight, shoeing_or_draw, performance_indicator, odds, music, career_earnings, race_id, horse_id, jockey_id, trainer_id, owner_id) FROM stdin;
126	1	3	2	58	10	0	4	2p 3p 2p 4p	93050	42	126	262	263	264
127	6	1	3	57	1	0	7.7	4p 2p 1p 3p	52210	43	127	265	266	267
128	1	2	3	57	6	0	3.4	1p 2p 2p	117890	43	128	256	257	258
129	2	3	3	57	5	0	15	4p 1p 3p 3p Rp 2p 7p	47960	43	129	268	269	270
130	8	1	5	56	3	A	4.8	3p 3p 3p 3p 6p 1p 14p 2p 8p        4p 6p 1p	127585	44	130	271	272	273
131	7	2	6	56.5	4	X	5.1	7p 1p 4p 7p 8p 3p 1p 1p 12p 7p 11p        12p	74230	44	131	250	274	275
132	4	3	8	59	2	0	5.5	6p 4p 7p 1p 6p 4p 3p        6p 12p 12p 9p 9p	39470	44	132	276	277	278
133	10	1	5	56	8	0	3.6	2p 1p 8p 11p        13p 1p 4p 3p 7p 4p 2p 3p	20080	45	133	256	279	280
134	4	2	5	59	5	0	6.1	4p 14p 3p 6p 14p        8p 8p	0	45	134	241	242	281
135	5	3	7	58.5	14	A	12	7p 1p 10p 3p 1p 2p 4p 6p        8p 9p (21) 15p 4p	6000	45	135	250	282	283
136	10	1	2	54.5	3	A	6.1	4p 9p 4p 5p	4500	46	136	250	284	285
137	6	2	2	55.5	8	0	7	3p 10p 4p 5p 2p 4p 8p 4p 5p	4000	46	137	286	279	287
138	2	3	2	57	6	A	11	5p 7p 11p 2p 4p 4p 3p	7500	46	138	288	289	290
139	4	1	4	59	11	0	15	7p 1p 10p 4p 7p 7p        1p 2p 14p 14p 1p 7p	6000	47	139	291	292	293
140	6	2	4	59	1	0	13	6p 4p 2p 3p 5p 2p 8p        7p 3p 6p 4p 1p	1500	47	140	294	295	296
141	11	3	6	58	2	0	6.1	5p 5p 12p 7p 4p 10p 13p 8p 5p 2p 8p        2p	1600	47	141	297	298	299
142	6	1	7	69	0	0	3.3	2c 3c Ac Ac        5s 8h 7s Ts (20) 6s 5h Th (19) 1h	1500	48	142	300	301	302
143	4	2	10	71	0	0	7.8	6c        1c 4c 1c 1c 6c 4c (21) 5c 5c 3c 6c Dc	0	48	143	303	304	305
144	2	3	6	73	0	0	9.4	5s        As 7s 3s 6s 4s 2s 1s 1s (21) 2s 1h 7h	0	48	144	306	307	308
145	5	1	4	67	0	0	1.2	(22) 1h 1s 1h 1p	18100	49	145	309	310	311
146	3	2	4	67	0	0	10	3s Ts        1h 5h	8500	49	146	312	313	314
147	1	3	4	68	0	A	15	As 2s 6h 1h Th Ah 7h	3000	49	147	315	316	317
148	7	1	3	65	0	0	13	7s 6s 4h 7h 3h 4p 5p	0	50	148	318	319	320
149	1	2	3	69	0	A	11	1s 7s Ah	1000	50	149	321	316	322
150	2	3	3	68	0	0	1.5	2s 1h 4h 1h 5h        4p 6p	0	50	150	309	310	323
151	1	1	4	74	0	0	6.8	Ah 4h 4h Ah Th        1h 2h 2h 4s 5s 3h	6000	51	151	324	325	326
152	2	2	4	73	0	A	5.9	4h 4h 4h 4h Ah 6h 1h 5h Ah        15p 1p 7p	1500	51	152	327	328	329
153	6	3	4	71	0	0	9.9	4h 3s 7s 5h 2s 9s 2h 8h 10h 8h 2h        3h	0	51	153	330	325	331
154	6	1	3	66	0	A	8.1	Ah	0	52	154	312	332	333
155	1	2	3	68	0	0	4.2	2h 6p 9p	0	52	155	334	335	336
156	7	3	3	66	0	0	9.7	Ah	17300	52	156	327	328	337
157	12	1	3	66	0	0	7.7	Th 5p 4p 1p        6p	18850	53	157	318	338	339
158	1	2	3	68	0	0	4.2	4h 5h Th	54050	53	158	315	328	340
159	13	3	3	66	0	0	15	0	15500	53	159	341	342	343
160	1	1	4	71	0	X	6	2h 2h 2h 8p 5p        8p 5p 6p 4p 5p	28900	54	160	344	316	345
161	2	2	4	70	0	X	12	7h 4h 5h 5h 4h        8p 9p 6p 6p	22050	54	161	346	347	348
162	7	3	4	67	0	0	4.7	3p 2p	31200	54	162	349	350	351
118	14	1	6	54	2	0	13	1p 5p 5p 14p        5p 8p 4p 5p 6p 4p 6p 1p	287247	40	118	241	242	243
119	5	2	4	56.5	13	0	18	1p 6p 14p 5p 14p        1p 2p 2p 2p	151250	40	119	244	245	246
120	11	3	8	54.5	1	0	6.9	9p 2p 3p 1p 1p 2p 5p 2p 5p        3p 5p 4p	165444	40	120	247	248	249
121	3	1	2	58	3	0	2.8	4p	189230	41	121	250	251	252
122	2	2	2	58	10	0	3.6	3p	31420	41	122	253	254	255
123	10	3	2	56	6	0	4.7	0	65150	41	123	256	257	258
124	2	1	2	58	9	0	2.5	3p 4p	95360	42	124	250	257	258
125	5	2	2	58	2	0	11	7p	76640	42	125	259	260	261
163	1	1	2	58	4	0	3	6p	\N	55	163	250	257	258
164	7	2	2	58	5	0	6.1	4p 4p	\N	55	164	256	352	353
165	5	3	2	58	6	0	2.2	2p	\N	55	165	294	354	355
166	4	1	3	54.5	4	0	5.6	14p 3p 12p 2p 6p 1p 6p 1p         7p	\N	56	166	256	356	353
167	1	2	3	60	3	A	2.9	4p 5p 12p 4p 5p 3p         1p 1p	\N	56	167	265	254	357
168	5	3	3	54	7	0	9	4p 1p 6p         4p	\N	56	168	288	358	359
169	2	1	2	58	5	0	2	2p 4p	\N	57	169	250	352	255
170	1	2	2	58	2	0	3.1	2p	\N	57	170	256	257	360
171	4	3	2	58	6	0	6.5	4p	\N	57	171	259	361	362
172	4	1	5	57	2	0	1.8	2p 2p 5p 3p 5p 1p         5p 1p 5p 7p 9p 6p	\N	58	172	256	352	353
173	6	2	7	57	7	0	3.6	2p 7p         1p 1p 3p (21) 3p 5p (20) 6p 2p 3p 1p (1	\N	58	173	244	245	363
174	8	3	4	55.5	8	X	10	5p 9p 5p 8p         8p 4p 6p 2p 2p 1p (21) 2p	\N	58	174	364	365	366
175	12	1	5	53.5	6	0	4.4	11p 2p 8p 10p 15p         13p 14p 7p 5p 9p 8p 5p	\N	59	175	367	368	369
176	9	2	5	56	4	0	10	7p 2p 4p 4p 6p 5p 13p 10p 10p 3p         10p 11p	\N	59	176	370	371	372
177	5	3	5	58	2	A	6.1	4p 1p 6p 1p 3p 3p 3p 2p 5p 4p 7p 4p	\N	59	177	250	373	374
178	4	1	4	60	6	0	13	10p 3p 2p 7p 5p 5p 2p 10p 12p	\N	60	178	375	376	377
179	2	2	6	61	3	0	5.1	3p 2p 2p 9p 7p 15p 4p 3p 1p 14p 3p         5p	\N	60	179	378	277	379
180	7	3	5	59	8	A	4.9	6p 6p 5p 13p         1p 5p 3p 6p 9p 2p 3p (21) 1p	\N	60	180	380	381	382
181	4	1	3	55.5	4	0	4.8	2p 5p 6p 3p	\N	61	181	364	358	255
182	5	2	3	55.5	5	0	10	5p 2p 6p 5p	\N	61	182	262	263	383
183	3	3	3	56	3	0	12	6p 1p 3p 9p 2p         4p 12p	\N	61	183	247	384	385
184	12	1	4	56	1	X	6.6	2p 5p 12p 4p 3p 4p 4p 6p 7p         4p 2p 10p	\N	62	184	386	284	387
185	7	2	4	57.5	10	0	15	4p 9p 6p 3p 8p 14p         1p 4p 4p (21) 3p 1p 2p	\N	62	185	388	389	390
186	3	3	4	59	8	A	12	9p 9p 3p 6p 14p 11p 4p 2p 13p         1p 3p 10p	\N	62	186	391	392	393
187	6	1	5	55.5	5	X	1.8	2p 13p 2p         4p 7p 2p 7p 2p 12p 2p 10p (21) 4p	\N	63	187	288	394	395
188	3	2	5	57.5	6	0	5.7	11p 4p 1p 5p 13p 13p 12p         10p 10p 6p 1p 4p	\N	63	188	396	397	398
189	7	3	4	54.5	7	0	23	13p 6p 10p 15p 3p         13p 6p 6p 4p 3p 2p 1p	\N	63	189	399	400	401
190	7	1	5	56	6	A	22	11p 10p 10p 8p 6p 11p 14p 7p 15p         1p 4p 7p	\N	64	190	402	403	404
191	4	2	7	58	5	0	9.4	1p 5p 12p         2p 2p 12p 1p 10p 11p 6p 15p 13p	\N	64	191	405	406	407
192	6	3	5	57	7	0	7.2	7p 17p 13p 12p 8p 13p 11p 1p 10p 3p 12p 8p	\N	64	192	408	409	410
193	3	1	5	60	6	0	3.5	2p 6p 1p 2p 5p 3p 4p 5p 6p 2p 3p 13p	\N	65	193	256	411	412
194	9	2	6	55	4	X	9.4	6p 2p 3p 6p 4p 8p 5p 8p 4p 2p 8p 5p	\N	65	194	271	413	414
195	2	3	5	60	5	A	3.9	2p 6p 3p 2p 3p 3p 5p 11p 9p 2p 5p         6p	\N	65	195	367	415	416
196	5	1	2	56	3	X	8	6p 9p	\N	66	196	417	418	419
197	8	2	2	54.5	4	0	9.1	9p 6p 10p	\N	66	197	420	421	422
198	1	3	2	58.5	7	0	2.1	1p 3p 6p 7p 7p 4p 9p 4p 1p 7p	\N	66	198	408	277	423
199	2	1	3	58	6	0	2.4	3p 4p 8p 4p 2p 4p 4p	\N	67	199	256	424	425
200	4	2	3	58	2	A	5.2	3p 5p 9p 8p 6p 7p 4p 3p         5p 3p 3p 9p	\N	67	200	396	426	427
201	7	3	3	56.5	7	0	10	4p 9p 3p 8p 5p	\N	67	201	286	428	429
202	9	1	3	55.5	4	A	8.5	3p 7p 7p 8p 5p 10p 4p 10p 5p 6p         11p 7p	\N	68	202	408	409	430
203	2	2	3	60	1	0	8.3	10p 8p 10p 11p 3p 4p	\N	68	203	431	257	432
204	4	3	3	59.5	11	0	11	7p 4p 2p 4p 12p 9p 5p 2p 5p	\N	68	204	433	434	435
205	1	1	3	58.5	7	A	1.3	6p 5p 3p 1p	\N	69	205	436	437	438
206	5	2	3	56.5	3	0	4.7	1p 4p 7p 5p	\N	69	206	420	439	440
207	3	3	3	58	4	A	26	4p 9p 5p 13p 3p 2p 5p 3p 3p 6p 3p 5p	\N	69	207	408	441	442
208	2	1	7	59	6	0	4.3	2p 9p 1p 12p 3p 2p 12p 2p         Dp 1p 2p 5p	\N	70	208	443	444	445
209	7	2	4	51.5	3	0	16	8p 6p 4p 4p 7p 13p 13p         8p 12p 11p 4p 2p	\N	70	209	370	446	447
210	1	3	5	60	4	0	2.5	1p 6p 12p 12p 8p 11p         8p 12p 4p 8p 5p 1p	\N	70	210	256	448	449
211	3	1	5	60	4	\N	12	8p 10p 2p 6p 1p         1p 3p 8p 13p 4p 11p 2p	\N	71	211	259	450	451
212	16	2	4	52.5	2	\N	9.4	6p 9p 3p 5p 5p         4p 1p 2p 3p 2p 4p	\N	71	212	433	452	453
213	9	3	5	56	8	A	19	10p 6p 4p 1p 1p 2p 2p 3p 4p 5p 7p 6p	\N	71	213	291	373	374
214	5	1	2	55.5	5	\N	7.6	2p	\N	72	214	250	266	267
215	2	2	2	57	2	\N	3.1	1p	\N	72	215	294	254	454
216	4	3	2	57	4	\N	1.7	1p	\N	72	216	265	352	455
217	5	1	6	56	5	X	7.1	8p 4p 2p 8p 9p 6p 8p 12p 5p 10p 6p 14p	\N	73	217	456	406	407
218	7	2	5	56	6	X	10	12p 7p 6p 10p 7p 1p         14p Ap 4p 5p 2p 2p	\N	73	218	443	457	458
219	11	3	4	54.5	7	\N	7.3	2p 8p         10p 6p 8p 3p 1p 4p 6p 2p 4p 1p	\N	73	219	268	459	460
220	6	1	2	56.5	8	\N	6.1	2p 4p	\N	74	220	256	409	461
221	2	2	2	58	2	\N	5.9	5p 4p 5p	\N	74	221	288	437	462
222	10	3	2	54.5	10	\N	12	0	\N	74	222	250	266	463
223	4	1	2	57	4	\N	3.2	3p 1p	\N	75	223	250	266	464
224	3	2	2	57	2	\N	1.9	4p 2p 7p Tp 1p 3p	\N	75	224	253	251	465
225	1	3	2	57	1	\N	8.6	4p 3p 1p 3p 6p	\N	75	225	262	263	466
226	4	1	3	57	6	\N	2	6p 4p         2p 3p 3p 1p	\N	76	226	250	266	467
227	2	2	3	57	4	X	3	4p 8p 2p 3p 2p 1p         10p 2p	\N	76	227	256	352	468
228	1	3	3	57	2	\N	6.8	7p 2p 1p 2p 1p 2p 3p 3p         4p 2p	\N	76	228	364	426	469
229	14	1	4	54.5	8	\N	7.7	16p 14p 5p         1p 1p 1p 3p 3p 4p	\N	77	229	250	470	471
230	1	2	4	58	9	X	9.7	7p 4p 8p 6p 2p 5p         1p 9p 11p 6p 4p 11p	\N	77	230	253	472	473
231	3	3	5	58	13	\N	19	8p 5p 5p 3p 6p         5p 2p 5p 5p 3p 2p 4p	\N	77	231	443	474	475
232	10	1	5	54	9	\N	11	1p 9p 5p 8p 5p 2p 2p 4p 16p         8p 6p 10p	\N	78	232	256	476	477
233	6	2	6	58	2	\N	8.4	2p 9p 8p 8p 8p 6p 3p 6p 4p 10p 7p 6p	\N	78	233	399	277	478
234	2	3	4	60	1	A	23	10p 3p 1p 11p 2p 8p 9p 11p 8p 3p 10p         3p	\N	78	234	402	479	480
\.


--
-- Data for Name: person; Type: TABLE DATA; Schema: public; Owner: app
--

COPY public.person (id, name) FROM stdin;
241	D' ANDIGNE O.
242	COUETIL (S) A.
243	Couetil Elevage
244	PIECHULEK R.
245	STEINBERG MME S.
246	Stall Wo Laufen Sie Denn
247	BESNIER H.
248	MADER MME E.
249	Stall Ramon
250	GUYON M.
251	BARY (S) P.
252	Ec.Jl Bouchard/ec. Des Monceaux
253	DEMURO C.
254	CHAPPET F.
255	N. Bizakov
256	BARZALONA M.
257	GRAFFARD (S) FH.
258	S.A. Aga Khan
259	MOSSE G.
260	SCHUTZ (S) A.
261	M. Motschmann
262	LECOEUVRE C.
263	DEVIN (S) HF.
264	Suc. Khalid Abdullah
265	PASQUIER S.
266	FERLAND (S) C.
267	F. Wertheimer
268	MOUTARD Jer.
269	DONWORTH (S) TIM.
270	Tim. Donworth (S)
271	BERGE C.
272	SNIJDERS G.
273	G. Snijders
274	PARIZE J.
275	L. Jean
276	GALLO MLLE L.
277	BOUTIN (S) M.
278	P. Widloecher
279	BRASME (S) M.
280	M. Berger Siegfried
281	F. Levesque
282	LECRIVAIN C.
283	Ec. Charles Lecrivain
284	MONFORT (S) FR.
285	T.Corbel/q. Coquema/manier/paysan
286	HARDOUIN E.
287	L. Giscard d'Estaing/ciechanowicz
288	POUCHIN A.
289	BARATTI (S) M.
290	F.S. Sas
291	VELON MLLE M.
292	PERRET (S) N.
293	J.N. Temam
294	SOUMILLON C.
295	BOLLACK-BADEL MME M.
296	Ec.N.Forgeard/p. Bonnier
297	PESLIER MLLE M.
298	SMAGA D.
299	M. Lagasse/d. Smaga
300	MAYEUR R.
301	GRALL (S) E.
302	M. Lagahe
303	DESVAUX A.
304	ZULIANI J.
305	J. Picard
306	FIGUEIRA T.
307	NICOLLE F.
308	Mme P. Papot
309	ZULIANI L.
310	LAGENESTE & MACAIRE (S)
311	J.Crouzillac/mme A. Gourdon
312	NABET K.
313	LITTMODEN NP.
314	E.M.M. S.A.R.L. Carion
315	RE G.
316	DELAUNAY (S) J.
317	P. Joubert
318	PHILIPPERON L.
319	SCHMIDLIN R.
320	As&d. Allard (S)
321	LAJON W.
322	X.Lippens/j.Cypres/ec. Delaunay
323	Mme M.L. Oget
324	MARCHAND Bas.
325	SEROR (S) M.
326	F. Mussat
327	BRECHET Léo P.
328	LEENDERS GAB.
329	Equotair/a.Pucheu/m. Cesari/stoll
330	LAUNAY MME Océ.
331	M. Gianni
332	SOURDEAU DE BEAUREGARD D.
333	H. Devin
334	COYER J.
335	PITART M.
336	E.Ruiz Colechar/p. Philippot
337	Ec.H.Guerin/ec. Horse Avenir
338	ROLLAND (S) M.
339	P. Sander
340	Mme S.A. Bramall
341	GAUFFENIC N.
342	MENATO MLLE G.
343	S.A.R.L.G. Kr
344	RIOU C.
345	S.A.R.L. Groupe Kr/ecurie Delaunay
346	FERREIRA N.
347	DEHEZ (S) S.
348	D. Gallet
349	REVELEY J.
350	LEECH MME S.
351	Suc.C.J. Leech
352	FABRE (S) A.
353	G. Snc
354	LERNER (S) C&Y.
355	F&o Hinderze Racing/ecurie Jml
356	PANTALL (S) HA.
357	R. Shaykhutdinov
358	WATTEL (S) S.
359	Oceanic Bloodstock/a. Gravereaux
360	H.H. Aga Khan
361	DELZANGLES M.
362	I.N. Horses
363	S. Salzburg
364	MURZABAYEV B.
365	WEISS Mar.
366	G. Brummerhof
367	SANTIAGO MLLE D.
368	MACEDO DA SILVA J.
369	J.M.D. Silva
370	MARIE Benj.
371	SPEICHER T.
372	Cama
373	PLISSON (S) CH.
374	Ch. Plisson (S)
375	LOPEZ LERET MLLE D.
376	MUNCH (S) M.
377	E. Schwaiger
378	MENGES MME P.
379	R. Stars
380	LE GEAY MLLE L.
381	FEY MLLE C.
382	Z.Wentworth/c. Wentworth
383	Dr Susan Kendall / Annua Racing
384	RICHTER S.
385	K. Brieskorn
386	PICCONE T.
387	A. Don
388	TRULLIER T.
389	FRADET (S) R.
390	S.Grandin/m. Nikitas
391	VERON F.
392	ALIMPINISIS G.
393	A. Dimitropoulos
394	LIBAUD (S) E.
395	P. Lemoine-Boucaud
396	LEMAITRE A.
397	BLUME H. A.
398	H.D. Jarling
399	MAILLOT S.
400	CLEMENT (S) N.
401	L. Dyer
402	CHEYER MME Per.
403	SMITH MME DU.
404	M. Smith
405	BOISSEAU L.
406	LE GAL R.
407	D. Dumoulin
408	PACAUT MLLE C.
409	GUARNIERI M.
410	G. Lachi
411	ROHNE R.
412	L.U. Racing
413	WEISSMEIER FX.
414	B. Stall Andiamo
415	WEISSMEIER M. F.
416	S. Hexenberg
417	KOYUNCU MME S.
418	HOFER MAR.
419	E. Sauren
420	MADAMET A.
421	SUBORICS A.
422	S. Bergholz
423	L.Baudouin/c. Georgeault
424	DELCHER SANCHEZ M.
425	I.Corbani/ec. Pandora Racing
426	NIGGE (S) M.
427	Mme C. Zass
428	GEISLER G.
429	S. Kapellebuckl
430	L.A. Morari
431	CARBONI Luc.
432	S.C.E.A.H.D. Poiriers
433	MANGIONE R.
434	BIETOLINI G.
435	A. Pierini
436	PROVOST D.
437	BARBEROT (S) Y.
438	Mme M. Faust
439	HICKST W.
440	S.C. Diem
441	PHELIPPON J.
442	S. Quillet
443	BACHELOT T.
444	KUJATH W.
445	S. Gremlin
446	SAUVAGE MME N.
447	N. Sauvage
448	COLLET (S) ROD.
449	O. Post
450	DOLEUZE G.
451	Mlle C. Stephenson
452	HERNON G.
453	R.R. Ltd
454	B. Racing
455	L.T. D Flaxman Stables Ireland
456	BARON T.
457	CERULIS S.
458	S. Cerulis/helivet
459	AUDOUIN B.
460	L. Moutard
461	Vitale
462	Normandy Spirit
463	E.Babington/a.Hoyeau/n. Holmes
464	I. Corbani/infinity 9 Horses
465	Laghi France
466	Rebecca Hillen
467	Frères Wertheimer
468	Godolphin Snc
469	Lutz Bongen
470	ROHAUT F.
471	Je.Strauss / G. Augustin-Normand
472	GREWE H.
473	Darius Racing
474	URBANEK L.
475	Loko Trans
476	DISSAUX MLLE V.
477	Nadine Giovannelli
478	Bertrand Dutruel
479	DECOUZ (S) P.
480	C.Desmetz/s. Lloyd
\.


--
-- Data for Name: person_alias; Type: TABLE DATA; Schema: public; Owner: app
--

COPY public.person_alias (id, person_id, original_form, canonical_form, created_at) FROM stdin;
1	241	D' ANDIGNE O.	D' ANDIGNE O.	2026-04-09 19:25:33
2	242	COUETIL (S) A.	COUETIL (S) A.	2026-04-09 19:25:33
3	243	Couetil Elevage	COUETIL ELEVAGE	2026-04-09 19:25:33
4	244	PIECHULEK R.	PIECHULEK R.	2026-04-09 19:25:33
5	245	STEINBERG MME S.	STEINBERG MME S.	2026-04-09 19:25:33
6	246	Stall Wo Laufen Sie Denn	STALL WO LAUFEN SIE DENN	2026-04-09 19:25:33
7	247	BESNIER H.	BESNIER H.	2026-04-09 19:25:33
8	248	MADER MME E.	MADER MME E.	2026-04-09 19:25:33
9	249	Stall Ramon	STALL RAMON	2026-04-09 19:25:33
10	250	GUYON M.	GUYON M.	2026-04-09 19:25:33
11	251	BARY (S) P.	BARY (S) P.	2026-04-09 19:25:33
12	252	Ec.Jl Bouchard/ec. Des Monceaux	EC.JL BOUCHARD/EC. DES MONCEAUX	2026-04-09 19:25:33
13	253	DEMURO C.	DEMURO C.	2026-04-09 19:25:33
14	254	CHAPPET F.	CHAPPET F.	2026-04-09 19:25:33
15	255	N. Bizakov	N. BIZAKOV	2026-04-09 19:25:33
16	256	BARZALONA M.	BARZALONA M.	2026-04-09 19:25:33
17	257	GRAFFARD (S) FH.	GRAFFARD (S) FH.	2026-04-09 19:25:33
18	258	S.A. Aga Khan	S.A. AGA KHAN	2026-04-09 19:25:33
19	259	MOSSE G.	MOSSE G.	2026-04-09 19:25:33
20	260	SCHUTZ (S) A.	SCHUTZ (S) A.	2026-04-09 19:25:33
21	261	M. Motschmann	M. MOTSCHMANN	2026-04-09 19:25:33
22	262	LECOEUVRE C.	LECOEUVRE C.	2026-04-09 19:25:33
23	263	DEVIN (S) HF.	DEVIN (S) HF.	2026-04-09 19:25:33
24	264	Suc. Khalid Abdullah	SUC. KHALID ABDULLAH	2026-04-09 19:25:33
25	265	PASQUIER S.	PASQUIER S.	2026-04-09 19:25:33
26	266	FERLAND (S) C.	FERLAND (S) C.	2026-04-09 19:25:33
27	267	F. Wertheimer	F. WERTHEIMER	2026-04-09 19:25:33
28	268	MOUTARD Jer.	MOUTARD JER.	2026-04-09 19:25:33
29	269	DONWORTH (S) TIM.	DONWORTH (S) TIM.	2026-04-09 19:25:33
30	270	Tim. Donworth (S)	TIM. DONWORTH (S)	2026-04-09 19:25:33
31	271	BERGE C.	BERGE C.	2026-04-09 19:25:33
32	272	SNIJDERS G.	SNIJDERS G.	2026-04-09 19:25:33
33	273	G. Snijders	G. SNIJDERS	2026-04-09 19:25:33
34	274	PARIZE J.	PARIZE J.	2026-04-09 19:25:33
35	275	L. Jean	L. JEAN	2026-04-09 19:25:33
36	276	GALLO MLLE L.	GALLO MLLE L.	2026-04-09 19:25:33
37	277	BOUTIN (S) M.	BOUTIN (S) M.	2026-04-09 19:25:33
38	278	P. Widloecher	P. WIDLOECHER	2026-04-09 19:25:33
39	279	BRASME (S) M.	BRASME (S) M.	2026-04-09 19:25:33
40	280	M. Berger Siegfried	M. BERGER SIEGFRIED	2026-04-09 19:25:33
41	281	F. Levesque	F. LEVESQUE	2026-04-09 19:25:33
42	282	LECRIVAIN C.	LECRIVAIN C.	2026-04-09 19:25:33
43	283	Ec. Charles Lecrivain	EC. CHARLES LECRIVAIN	2026-04-09 19:25:33
44	284	MONFORT (S) FR.	MONFORT (S) FR.	2026-04-09 19:25:33
45	285	T.Corbel/q. Coquema/manier/paysan	T.CORBEL/Q. COQUEMA/MANIER/PAYSAN	2026-04-09 19:25:33
46	286	HARDOUIN E.	HARDOUIN E.	2026-04-09 19:25:33
47	287	L. Giscard d'Estaing/ciechanowicz	L. GISCARD D'ESTAING/CIECHANOWICZ	2026-04-09 19:25:33
48	288	POUCHIN A.	POUCHIN A.	2026-04-09 19:25:33
49	289	BARATTI (S) M.	BARATTI (S) M.	2026-04-09 19:25:33
50	290	F.S. Sas	F.S. SAS	2026-04-09 19:25:33
51	291	VELON MLLE M.	VELON MLLE M.	2026-04-09 19:25:33
52	292	PERRET (S) N.	PERRET (S) N.	2026-04-09 19:25:33
53	293	J.N. Temam	J.N. TEMAM	2026-04-09 19:25:33
54	294	SOUMILLON C.	SOUMILLON C.	2026-04-09 19:25:33
55	295	BOLLACK-BADEL MME M.	BOLLACK-BADEL MME M.	2026-04-09 19:25:33
56	296	Ec.N.Forgeard/p. Bonnier	EC.N.FORGEARD/P. BONNIER	2026-04-09 19:25:33
57	297	PESLIER MLLE M.	PESLIER MLLE M.	2026-04-09 19:25:33
58	298	SMAGA D.	SMAGA D.	2026-04-09 19:25:33
59	299	M. Lagasse/d. Smaga	M. LAGASSE/D. SMAGA	2026-04-09 19:25:33
60	300	MAYEUR R.	MAYEUR R.	2026-04-09 19:25:33
61	301	GRALL (S) E.	GRALL (S) E.	2026-04-09 19:25:33
62	302	M. Lagahe	M. LAGAHE	2026-04-09 19:25:33
63	303	DESVAUX A.	DESVAUX A.	2026-04-09 19:25:33
64	304	ZULIANI J.	ZULIANI J.	2026-04-09 19:25:33
65	305	J. Picard	J. PICARD	2026-04-09 19:25:33
66	306	FIGUEIRA T.	FIGUEIRA T.	2026-04-09 19:25:33
67	307	NICOLLE F.	NICOLLE F.	2026-04-09 19:25:33
68	308	Mme P. Papot	MME P. PAPOT	2026-04-09 19:25:33
69	309	ZULIANI L.	ZULIANI L.	2026-04-09 19:25:33
70	310	LAGENESTE & MACAIRE (S)	LAGENESTE & MACAIRE (S)	2026-04-09 19:25:33
71	311	J.Crouzillac/mme A. Gourdon	J.CROUZILLAC/MME A. GOURDON	2026-04-09 19:25:33
72	312	NABET K.	NABET K.	2026-04-09 19:25:33
73	313	LITTMODEN NP.	LITTMODEN NP.	2026-04-09 19:25:33
74	314	E.M.M. S.A.R.L. Carion	E.M.M. S.A.R.L. CARION	2026-04-09 19:25:33
75	315	RE G.	RE G.	2026-04-09 19:25:33
76	316	DELAUNAY (S) J.	DELAUNAY (S) J.	2026-04-09 19:25:33
77	317	P. Joubert	P. JOUBERT	2026-04-09 19:25:33
78	318	PHILIPPERON L.	PHILIPPERON L.	2026-04-09 19:25:33
79	319	SCHMIDLIN R.	SCHMIDLIN R.	2026-04-09 19:25:33
80	320	As&d. Allard (S)	AS&D. ALLARD (S)	2026-04-09 19:25:33
81	321	LAJON W.	LAJON W.	2026-04-09 19:25:33
82	322	X.Lippens/j.Cypres/ec. Delaunay	X.LIPPENS/J.CYPRES/EC. DELAUNAY	2026-04-09 19:25:33
83	323	Mme M.L. Oget	MME M.L. OGET	2026-04-09 19:25:33
84	324	MARCHAND Bas.	MARCHAND BAS.	2026-04-09 19:25:33
85	325	SEROR (S) M.	SEROR (S) M.	2026-04-09 19:25:33
86	326	F. Mussat	F. MUSSAT	2026-04-09 19:25:33
87	327	BRECHET Léo P.	BRECHET LÉO P.	2026-04-09 19:25:33
88	328	LEENDERS GAB.	LEENDERS GAB.	2026-04-09 19:25:33
89	329	Equotair/a.Pucheu/m. Cesari/stoll	EQUOTAIR/A.PUCHEU/M. CESARI/STOLL	2026-04-09 19:25:33
90	330	LAUNAY MME Océ.	LAUNAY MME OCÉ.	2026-04-09 19:25:33
91	331	M. Gianni	M. GIANNI	2026-04-09 19:25:33
92	332	SOURDEAU DE BEAUREGARD D.	SOURDEAU DE BEAUREGARD D.	2026-04-09 19:25:33
93	333	H. Devin	H. DEVIN	2026-04-09 19:25:33
94	334	COYER J.	COYER J.	2026-04-09 19:25:33
95	335	PITART M.	PITART M.	2026-04-09 19:25:33
96	336	E.Ruiz Colechar/p. Philippot	E.RUIZ COLECHAR/P. PHILIPPOT	2026-04-09 19:25:33
97	337	Ec.H.Guerin/ec. Horse Avenir	EC.H.GUERIN/EC. HORSE AVENIR	2026-04-09 19:25:33
98	338	ROLLAND (S) M.	ROLLAND (S) M.	2026-04-09 19:25:33
99	339	P. Sander	P. SANDER	2026-04-09 19:25:33
100	340	Mme S.A. Bramall	MME S.A. BRAMALL	2026-04-09 19:25:33
101	341	GAUFFENIC N.	GAUFFENIC N.	2026-04-09 19:25:33
102	342	MENATO MLLE G.	MENATO MLLE G.	2026-04-09 19:25:33
103	343	S.A.R.L.G. Kr	S.A.R.L.G. KR	2026-04-09 19:25:33
104	344	RIOU C.	RIOU C.	2026-04-09 19:25:33
213	453	R.R. Ltd	R.R. LTD	2026-04-09 19:25:33
105	345	S.A.R.L. Groupe Kr/ecurie Delaunay	S.A.R.L. GROUPE KR/ECURIE DELAUNAY	2026-04-09 19:25:33
106	346	FERREIRA N.	FERREIRA N.	2026-04-09 19:25:33
107	347	DEHEZ (S) S.	DEHEZ (S) S.	2026-04-09 19:25:33
108	348	D. Gallet	D. GALLET	2026-04-09 19:25:33
109	349	REVELEY J.	REVELEY J.	2026-04-09 19:25:33
110	350	LEECH MME S.	LEECH MME S.	2026-04-09 19:25:33
111	351	Suc.C.J. Leech	SUC.C.J. LEECH	2026-04-09 19:25:33
112	352	FABRE (S) A.	FABRE (S) A.	2026-04-09 19:25:33
113	353	G. Snc	G. SNC	2026-04-09 19:25:33
114	354	LERNER (S) C&Y.	LERNER (S) C&Y.	2026-04-09 19:25:33
115	355	F&o Hinderze Racing/ecurie Jml	F&O HINDERZE RACING/ECURIE JML	2026-04-09 19:25:33
116	356	PANTALL (S) HA.	PANTALL (S) HA.	2026-04-09 19:25:33
117	357	R. Shaykhutdinov	R. SHAYKHUTDINOV	2026-04-09 19:25:33
118	358	WATTEL (S) S.	WATTEL (S) S.	2026-04-09 19:25:33
119	359	Oceanic Bloodstock/a. Gravereaux	OCEANIC BLOODSTOCK/A. GRAVEREAUX	2026-04-09 19:25:33
120	360	H.H. Aga Khan	H.H. AGA KHAN	2026-04-09 19:25:33
121	361	DELZANGLES M.	DELZANGLES M.	2026-04-09 19:25:33
122	362	I.N. Horses	I.N. HORSES	2026-04-09 19:25:33
123	363	S. Salzburg	S. SALZBURG	2026-04-09 19:25:33
124	364	MURZABAYEV B.	MURZABAYEV B.	2026-04-09 19:25:33
125	365	WEISS Mar.	WEISS MAR.	2026-04-09 19:25:33
126	366	G. Brummerhof	G. BRUMMERHOF	2026-04-09 19:25:33
127	367	SANTIAGO MLLE D.	SANTIAGO MLLE D.	2026-04-09 19:25:33
128	368	MACEDO DA SILVA J.	MACEDO DA SILVA J.	2026-04-09 19:25:33
129	369	J.M.D. Silva	J.M.D. SILVA	2026-04-09 19:25:33
130	370	MARIE Benj.	MARIE BENJ.	2026-04-09 19:25:33
131	371	SPEICHER T.	SPEICHER T.	2026-04-09 19:25:33
132	372	Cama	CAMA	2026-04-09 19:25:33
133	373	PLISSON (S) CH.	PLISSON (S) CH.	2026-04-09 19:25:33
134	374	Ch. Plisson (S)	CH. PLISSON (S)	2026-04-09 19:25:33
135	375	LOPEZ LERET MLLE D.	LOPEZ LERET MLLE D.	2026-04-09 19:25:33
136	376	MUNCH (S) M.	MUNCH (S) M.	2026-04-09 19:25:33
137	377	E. Schwaiger	E. SCHWAIGER	2026-04-09 19:25:33
138	378	MENGES MME P.	MENGES MME P.	2026-04-09 19:25:33
139	379	R. Stars	R. STARS	2026-04-09 19:25:33
140	380	LE GEAY MLLE L.	LE GEAY MLLE L.	2026-04-09 19:25:33
141	381	FEY MLLE C.	FEY MLLE C.	2026-04-09 19:25:33
142	382	Z.Wentworth/c. Wentworth	Z.WENTWORTH/C. WENTWORTH	2026-04-09 19:25:33
143	383	Dr Susan Kendall / Annua Racing	DR SUSAN KENDALL / ANNUA RACING	2026-04-09 19:25:33
144	384	RICHTER S.	RICHTER S.	2026-04-09 19:25:33
145	385	K. Brieskorn	K. BRIESKORN	2026-04-09 19:25:33
146	386	PICCONE T.	PICCONE T.	2026-04-09 19:25:33
147	387	A. Don	A. DON	2026-04-09 19:25:33
148	388	TRULLIER T.	TRULLIER T.	2026-04-09 19:25:33
149	389	FRADET (S) R.	FRADET (S) R.	2026-04-09 19:25:33
150	390	S.Grandin/m. Nikitas	S.GRANDIN/M. NIKITAS	2026-04-09 19:25:33
151	391	VERON F.	VERON F.	2026-04-09 19:25:33
152	392	ALIMPINISIS G.	ALIMPINISIS G.	2026-04-09 19:25:33
153	393	A. Dimitropoulos	A. DIMITROPOULOS	2026-04-09 19:25:33
154	394	LIBAUD (S) E.	LIBAUD (S) E.	2026-04-09 19:25:33
155	395	P. Lemoine-Boucaud	P. LEMOINE-BOUCAUD	2026-04-09 19:25:33
156	396	LEMAITRE A.	LEMAITRE A.	2026-04-09 19:25:33
157	397	BLUME H. A.	BLUME H. A.	2026-04-09 19:25:33
158	398	H.D. Jarling	H.D. JARLING	2026-04-09 19:25:33
159	399	MAILLOT S.	MAILLOT S.	2026-04-09 19:25:33
160	400	CLEMENT (S) N.	CLEMENT (S) N.	2026-04-09 19:25:33
161	401	L. Dyer	L. DYER	2026-04-09 19:25:33
162	402	CHEYER MME Per.	CHEYER MME PER.	2026-04-09 19:25:33
163	403	SMITH MME DU.	SMITH MME DU.	2026-04-09 19:25:33
164	404	M. Smith	M. SMITH	2026-04-09 19:25:33
165	405	BOISSEAU L.	BOISSEAU L.	2026-04-09 19:25:33
166	406	LE GAL R.	LE GAL R.	2026-04-09 19:25:33
167	407	D. Dumoulin	D. DUMOULIN	2026-04-09 19:25:33
168	408	PACAUT MLLE C.	PACAUT MLLE C.	2026-04-09 19:25:33
169	409	GUARNIERI M.	GUARNIERI M.	2026-04-09 19:25:33
170	410	G. Lachi	G. LACHI	2026-04-09 19:25:33
171	411	ROHNE R.	ROHNE R.	2026-04-09 19:25:33
172	412	L.U. Racing	L.U. RACING	2026-04-09 19:25:33
173	413	WEISSMEIER FX.	WEISSMEIER FX.	2026-04-09 19:25:33
174	414	B. Stall Andiamo	B. STALL ANDIAMO	2026-04-09 19:25:33
175	415	WEISSMEIER M. F.	WEISSMEIER M. F.	2026-04-09 19:25:33
176	416	S. Hexenberg	S. HEXENBERG	2026-04-09 19:25:33
177	417	KOYUNCU MME S.	KOYUNCU MME S.	2026-04-09 19:25:33
178	418	HOFER MAR.	HOFER MAR.	2026-04-09 19:25:33
179	419	E. Sauren	E. SAUREN	2026-04-09 19:25:33
180	420	MADAMET A.	MADAMET A.	2026-04-09 19:25:33
181	421	SUBORICS A.	SUBORICS A.	2026-04-09 19:25:33
182	422	S. Bergholz	S. BERGHOLZ	2026-04-09 19:25:33
183	423	L.Baudouin/c. Georgeault	L.BAUDOUIN/C. GEORGEAULT	2026-04-09 19:25:33
184	424	DELCHER SANCHEZ M.	DELCHER SANCHEZ M.	2026-04-09 19:25:33
185	425	I.Corbani/ec. Pandora Racing	I.CORBANI/EC. PANDORA RACING	2026-04-09 19:25:33
186	426	NIGGE (S) M.	NIGGE (S) M.	2026-04-09 19:25:33
187	427	Mme C. Zass	MME C. ZASS	2026-04-09 19:25:33
188	428	GEISLER G.	GEISLER G.	2026-04-09 19:25:33
189	429	S. Kapellebuckl	S. KAPELLEBUCKL	2026-04-09 19:25:33
190	430	L.A. Morari	L.A. MORARI	2026-04-09 19:25:33
191	431	CARBONI Luc.	CARBONI LUC.	2026-04-09 19:25:33
192	432	S.C.E.A.H.D. Poiriers	S.C.E.A.H.D. POIRIERS	2026-04-09 19:25:33
193	433	MANGIONE R.	MANGIONE R.	2026-04-09 19:25:33
194	434	BIETOLINI G.	BIETOLINI G.	2026-04-09 19:25:33
195	435	A. Pierini	A. PIERINI	2026-04-09 19:25:33
196	436	PROVOST D.	PROVOST D.	2026-04-09 19:25:33
197	437	BARBEROT (S) Y.	BARBEROT (S) Y.	2026-04-09 19:25:33
198	438	Mme M. Faust	MME M. FAUST	2026-04-09 19:25:33
199	439	HICKST W.	HICKST W.	2026-04-09 19:25:33
200	440	S.C. Diem	S.C. DIEM	2026-04-09 19:25:33
201	441	PHELIPPON J.	PHELIPPON J.	2026-04-09 19:25:33
202	442	S. Quillet	S. QUILLET	2026-04-09 19:25:33
203	443	BACHELOT T.	BACHELOT T.	2026-04-09 19:25:33
204	444	KUJATH W.	KUJATH W.	2026-04-09 19:25:33
205	445	S. Gremlin	S. GREMLIN	2026-04-09 19:25:33
206	446	SAUVAGE MME N.	SAUVAGE MME N.	2026-04-09 19:25:33
207	447	N. Sauvage	N. SAUVAGE	2026-04-09 19:25:33
208	448	COLLET (S) ROD.	COLLET (S) ROD.	2026-04-09 19:25:33
209	449	O. Post	O. POST	2026-04-09 19:25:33
210	450	DOLEUZE G.	DOLEUZE G.	2026-04-09 19:25:33
211	451	Mlle C. Stephenson	MLLE C. STEPHENSON	2026-04-09 19:25:33
212	452	HERNON G.	HERNON G.	2026-04-09 19:25:33
214	454	B. Racing	B. RACING	2026-04-09 19:25:33
215	455	L.T. D Flaxman Stables Ireland	L.T. D FLAXMAN STABLES IRELAND	2026-04-09 19:25:33
216	456	BARON T.	BARON T.	2026-04-09 19:25:33
217	457	CERULIS S.	CERULIS S.	2026-04-09 19:25:33
218	458	S. Cerulis/helivet	S. CERULIS/HELIVET	2026-04-09 19:25:33
219	459	AUDOUIN B.	AUDOUIN B.	2026-04-09 19:25:33
220	460	L. Moutard	L. MOUTARD	2026-04-09 19:25:33
221	461	Vitale	VITALE	2026-04-09 19:25:33
222	462	Normandy Spirit	NORMANDY SPIRIT	2026-04-09 19:25:33
223	463	E.Babington/a.Hoyeau/n. Holmes	E.BABINGTON/A.HOYEAU/N. HOLMES	2026-04-09 19:25:33
224	464	I. Corbani/infinity 9 Horses	I. CORBANI/INFINITY 9 HORSES	2026-04-09 19:25:33
225	465	Laghi France	LAGHI FRANCE	2026-04-09 19:25:33
226	466	Rebecca Hillen	REBECCA HILLEN	2026-04-09 19:25:33
227	467	Frères Wertheimer	FRÈRES WERTHEIMER	2026-04-09 19:25:33
228	468	Godolphin Snc	GODOLPHIN SNC	2026-04-09 19:25:33
229	469	Lutz Bongen	LUTZ BONGEN	2026-04-09 19:25:33
230	470	ROHAUT F.	ROHAUT F.	2026-04-09 19:25:33
231	471	Je.Strauss / G. Augustin-Normand	JE.STRAUSS / G. AUGUSTIN-NORMAND	2026-04-09 19:25:33
232	472	GREWE H.	GREWE H.	2026-04-09 19:25:33
233	473	Darius Racing	DARIUS RACING	2026-04-09 19:25:33
234	474	URBANEK L.	URBANEK L.	2026-04-09 19:25:33
235	475	Loko Trans	LOKO TRANS	2026-04-09 19:25:33
236	476	DISSAUX MLLE V.	DISSAUX MLLE V.	2026-04-09 19:25:33
237	477	Nadine Giovannelli	NADINE GIOVANNELLI	2026-04-09 19:25:33
238	478	Bertrand Dutruel	BERTRAND DUTRUEL	2026-04-09 19:25:33
239	479	DECOUZ (S) P.	DECOUZ (S) P.	2026-04-09 19:25:33
240	480	C.Desmetz/s. Lloyd	C.DESMETZ/S. LLOYD	2026-04-09 19:25:33
\.


--
-- Data for Name: pronostic_metric; Type: TABLE DATA; Schema: public; Owner: app
--

COPY public.pronostic_metric (id, snapshot_id, metric_type, metric_value, calculated_at) FROM stdin;
1	1	top1_accuracy	1	2026-04-13 09:34:38
2	1	top3_hit_rate	1	2026-04-13 09:34:38
3	1	mean_rank_error	0	2026-04-13 09:34:38
4	1	ndcg_at_5	1	2026-04-13 09:34:38
\.


--
-- Data for Name: pronostic_prediction; Type: TABLE DATA; Schema: public; Owner: app
--

COPY public.pronostic_prediction (id, snapshot_id, participation_id, predicted_rank, predicted_score, sub_scores) FROM stdin;
1	1	229	1	74	{"position":100.0,"odds":100.0,"performance":0.0,"earnings":0.0,"age":80.0}
2	1	230	2	54.58	{"position":66.67,"odds":82.3,"performance":0.0,"earnings":0.0,"age":80.0}
3	1	231	3	20	{"position":33.33,"odds":0.0,"performance":0.0,"earnings":0.0,"age":100.0}
\.


--
-- Data for Name: pronostic_snapshot; Type: TABLE DATA; Schema: public; Owner: app
--

COPY public.pronostic_snapshot (id, race_id, snapshot_type, comparison_status, created_at, updated_at, compared_at, total_entries, comparable_entries, scoring_mode, scoring_weights) FROM stdin;
1	77	pre_race	compared	2026-04-13 09:34:38	2026-04-13 09:34:38	2026-04-13 09:34:38	3	3	conservative	{"position":45.0,"odds":25.0,"performance":15.0,"earnings":10.0,"age":5.0}
\.


--
-- Data for Name: race; Type: TABLE DATA; Schema: public; Owner: app
--

COPY public.race (id, race_date, hippodrome, meeting_number, race_number, discipline, source_date_code, hippodrome_id, distance_meters, allocation, race_category, race_time, track_type, track_rope, autostart) FROM stdin;
78	\N	R1 : CHANTILLY	1	8	\N	D1012	1	\N	\N	\N	\N	\N	\N	\N
77	\N	R1 : CHANTILLY	1	7	\N	D1012	1	\N	\N	\N	\N	\N	\N	\N
76	\N	R1 : CHANTILLY	1	6	\N	D1012	1	\N	\N	\N	\N	\N	\N	\N
75	\N	R1 : CHANTILLY	1	5	\N	D1012	1	\N	\N	\N	\N	\N	\N	\N
74	\N	R1 : CHANTILLY	1	4	\N	D1012	1	\N	\N	\N	\N	\N	\N	\N
73	\N	R1 : CHANTILLY	1	3	\N	D1012	1	\N	\N	\N	\N	\N	\N	\N
72	\N	R1 : CHANTILLY	1	2	\N	D1012	1	\N	\N	\N	\N	\N	\N	\N
71	\N	R1 : CHANTILLY	1	1	\N	D1012	1	\N	\N	\N	\N	\N	\N	\N
54	\N	R3  :   FONTAINEBLEAU	3	7	\N	D1010	2	\N	\N	\N	\N	\N	\N	\N
53	\N	R3  :   FONTAINEBLEAU	3	6	\N	D1010	2	\N	\N	\N	\N	\N	\N	\N
52	\N	R3  :   FONTAINEBLEAU	3	5	\N	D1010	2	\N	\N	\N	\N	\N	\N	\N
51	\N	R3  :   FONTAINEBLEAU	3	4	\N	D1010	2	\N	\N	\N	\N	\N	\N	\N
50	\N	R3  :   FONTAINEBLEAU	3	3	\N	D1010	2	\N	\N	\N	\N	\N	\N	\N
49	\N	R3  :   FONTAINEBLEAU	3	2	\N	D1010	2	\N	\N	\N	\N	\N	\N	\N
48	\N	R3  :   FONTAINEBLEAU	3	1	\N	D1010	2	\N	\N	\N	\N	\N	\N	\N
70	\N	R3 : CHANTILLY	4	8	\N	D1011	3	\N	\N	\N	\N	\N	\N	\N
69	\N	R3 : CHANTILLY	4	7	\N	D1011	3	\N	\N	\N	\N	\N	\N	\N
68	\N	R3 : CHANTILLY	4	6	\N	D1011	3	\N	\N	\N	\N	\N	\N	\N
67	\N	R3 : CHANTILLY	4	5	\N	D1011	3	\N	\N	\N	\N	\N	\N	\N
66	\N	R3 : CHANTILLY	4	4	\N	D1011	3	\N	\N	\N	\N	\N	\N	\N
65	\N	R3 : CHANTILLY	4	3	\N	D1011	3	\N	\N	\N	\N	\N	\N	\N
64	\N	R3 : CHANTILLY	4	2	\N	D1011	3	\N	\N	\N	\N	\N	\N	\N
63	\N	R3 : CHANTILLY	4	1	\N	D1011	3	\N	\N	\N	\N	\N	\N	\N
62	\N	R3 : CHANTILLY	3	8	\N	D1011	3	\N	\N	\N	\N	\N	\N	\N
61	\N	R3 : CHANTILLY	3	7	\N	D1011	3	\N	\N	\N	\N	\N	\N	\N
60	\N	R3 : CHANTILLY	3	6	\N	D1011	3	\N	\N	\N	\N	\N	\N	\N
59	\N	R3 : CHANTILLY	3	5	\N	D1011	3	\N	\N	\N	\N	\N	\N	\N
58	\N	R3 : CHANTILLY	3	4	\N	D1011	3	\N	\N	\N	\N	\N	\N	\N
57	\N	R3 : CHANTILLY	3	3	\N	D1011	3	\N	\N	\N	\N	\N	\N	\N
56	\N	R3 : CHANTILLY	3	2	\N	D1011	3	\N	\N	\N	\N	\N	\N	\N
55	\N	R3 : CHANTILLY	3	1	\N	D1011	3	\N	\N	\N	\N	\N	\N	\N
47	\N	R1  : SAINT-CLOUD	1	8	\N	D1010	4	\N	\N	\N	\N	\N	\N	\N
46	\N	R1  : SAINT-CLOUD	1	7	\N	D1010	4	\N	\N	\N	\N	\N	\N	\N
45	\N	R1  : SAINT-CLOUD	1	6	\N	D1010	4	\N	\N	\N	\N	\N	\N	\N
44	\N	R1  : SAINT-CLOUD	1	5	\N	D1010	4	\N	\N	\N	\N	\N	\N	\N
43	\N	R1  : SAINT-CLOUD	1	4	\N	D1010	4	\N	\N	\N	\N	\N	\N	\N
42	\N	R1  : SAINT-CLOUD	1	3	\N	D1010	4	\N	\N	\N	\N	\N	\N	\N
41	\N	R1  : SAINT-CLOUD	1	2	\N	D1010	4	\N	\N	\N	\N	\N	\N	\N
40	\N	R1  : SAINT-CLOUD	1	1	\N	D1010	4	\N	\N	\N	\N	\N	\N	\N
\.


--
-- Data for Name: scrape_import_state; Type: TABLE DATA; Schema: public; Owner: app
--

COPY public.scrape_import_state (id, race_date, meeting_number, race_number, payload_hash, last_imported_at) FROM stdin;
\.


--
-- Name: hippodrome_id_seq; Type: SEQUENCE SET; Schema: public; Owner: app
--

SELECT pg_catalog.setval('public.hippodrome_id_seq', 5, true);


--
-- Name: horse_alias_id_seq; Type: SEQUENCE SET; Schema: public; Owner: app
--

SELECT pg_catalog.setval('public.horse_alias_id_seq', 122, true);


--
-- Name: horse_id_seq; Type: SEQUENCE SET; Schema: public; Owner: app
--

SELECT pg_catalog.setval('public.horse_id_seq', 248, true);


--
-- Name: import_error_id_seq; Type: SEQUENCE SET; Schema: public; Owner: app
--

SELECT pg_catalog.setval('public.import_error_id_seq', 121, true);


--
-- Name: import_session_id_seq; Type: SEQUENCE SET; Schema: public; Owner: app
--

SELECT pg_catalog.setval('public.import_session_id_seq', 1, true);


--
-- Name: participation_id_seq; Type: SEQUENCE SET; Schema: public; Owner: app
--

SELECT pg_catalog.setval('public.participation_id_seq', 248, true);


--
-- Name: person_alias_id_seq; Type: SEQUENCE SET; Schema: public; Owner: app
--

SELECT pg_catalog.setval('public.person_alias_id_seq', 240, true);


--
-- Name: person_id_seq; Type: SEQUENCE SET; Schema: public; Owner: app
--

SELECT pg_catalog.setval('public.person_id_seq', 510, true);


--
-- Name: pronostic_metric_id_seq; Type: SEQUENCE SET; Schema: public; Owner: app
--

SELECT pg_catalog.setval('public.pronostic_metric_id_seq', 4, true);


--
-- Name: pronostic_prediction_id_seq; Type: SEQUENCE SET; Schema: public; Owner: app
--

SELECT pg_catalog.setval('public.pronostic_prediction_id_seq', 3, true);


--
-- Name: pronostic_snapshot_id_seq; Type: SEQUENCE SET; Schema: public; Owner: app
--

SELECT pg_catalog.setval('public.pronostic_snapshot_id_seq', 1, true);


--
-- Name: race_id_seq; Type: SEQUENCE SET; Schema: public; Owner: app
--

SELECT pg_catalog.setval('public.race_id_seq', 79, true);


--
-- Name: scrape_import_state_id_seq; Type: SEQUENCE SET; Schema: public; Owner: app
--

SELECT pg_catalog.setval('public.scrape_import_state_id_seq', 1, false);


--
-- Name: doctrine_migration_versions doctrine_migration_versions_pkey; Type: CONSTRAINT; Schema: public; Owner: app
--

ALTER TABLE ONLY public.doctrine_migration_versions
    ADD CONSTRAINT doctrine_migration_versions_pkey PRIMARY KEY (version);


--
-- Name: hippodrome hippodrome_pkey; Type: CONSTRAINT; Schema: public; Owner: app
--

ALTER TABLE ONLY public.hippodrome
    ADD CONSTRAINT hippodrome_pkey PRIMARY KEY (id);


--
-- Name: horse_alias horse_alias_pkey; Type: CONSTRAINT; Schema: public; Owner: app
--

ALTER TABLE ONLY public.horse_alias
    ADD CONSTRAINT horse_alias_pkey PRIMARY KEY (id);


--
-- Name: horse horse_pkey; Type: CONSTRAINT; Schema: public; Owner: app
--

ALTER TABLE ONLY public.horse
    ADD CONSTRAINT horse_pkey PRIMARY KEY (id);


--
-- Name: import_error import_error_pkey; Type: CONSTRAINT; Schema: public; Owner: app
--

ALTER TABLE ONLY public.import_error
    ADD CONSTRAINT import_error_pkey PRIMARY KEY (id);


--
-- Name: import_session import_session_pkey; Type: CONSTRAINT; Schema: public; Owner: app
--

ALTER TABLE ONLY public.import_session
    ADD CONSTRAINT import_session_pkey PRIMARY KEY (id);


--
-- Name: participation participation_pkey; Type: CONSTRAINT; Schema: public; Owner: app
--

ALTER TABLE ONLY public.participation
    ADD CONSTRAINT participation_pkey PRIMARY KEY (id);


--
-- Name: person_alias person_alias_pkey; Type: CONSTRAINT; Schema: public; Owner: app
--

ALTER TABLE ONLY public.person_alias
    ADD CONSTRAINT person_alias_pkey PRIMARY KEY (id);


--
-- Name: person person_pkey; Type: CONSTRAINT; Schema: public; Owner: app
--

ALTER TABLE ONLY public.person
    ADD CONSTRAINT person_pkey PRIMARY KEY (id);


--
-- Name: pronostic_metric pronostic_metric_pkey; Type: CONSTRAINT; Schema: public; Owner: app
--

ALTER TABLE ONLY public.pronostic_metric
    ADD CONSTRAINT pronostic_metric_pkey PRIMARY KEY (id);


--
-- Name: pronostic_prediction pronostic_prediction_pkey; Type: CONSTRAINT; Schema: public; Owner: app
--

ALTER TABLE ONLY public.pronostic_prediction
    ADD CONSTRAINT pronostic_prediction_pkey PRIMARY KEY (id);


--
-- Name: pronostic_snapshot pronostic_snapshot_pkey; Type: CONSTRAINT; Schema: public; Owner: app
--

ALTER TABLE ONLY public.pronostic_snapshot
    ADD CONSTRAINT pronostic_snapshot_pkey PRIMARY KEY (id);


--
-- Name: race race_pkey; Type: CONSTRAINT; Schema: public; Owner: app
--

ALTER TABLE ONLY public.race
    ADD CONSTRAINT race_pkey PRIMARY KEY (id);


--
-- Name: scrape_import_state scrape_import_state_pkey; Type: CONSTRAINT; Schema: public; Owner: app
--

ALTER TABLE ONLY public.scrape_import_state
    ADD CONSTRAINT scrape_import_state_pkey PRIMARY KEY (id);


--
-- Name: race uniq_race_identity; Type: CONSTRAINT; Schema: public; Owner: app
--

ALTER TABLE ONLY public.race
    ADD CONSTRAINT uniq_race_identity UNIQUE (race_date, hippodrome_id, meeting_number, race_number);


--
-- Name: idx_1940b6f6e59d40d2; Type: INDEX; Schema: public; Owner: app
--

CREATE INDEX idx_1940b6f6e59d40d2 ON public.pronostic_snapshot USING btree (race_id);


--
-- Name: idx_5374b8d6613fecdf; Type: INDEX; Schema: public; Owner: app
--

CREATE INDEX idx_5374b8d6613fecdf ON public.import_error USING btree (session_id);


--
-- Name: idx_7a4aa4d84296d31f; Type: INDEX; Schema: public; Owner: app
--

CREATE INDEX idx_7a4aa4d84296d31f ON public.pronostic_metric USING btree (snapshot_id);


--
-- Name: idx_8e90b6e6a47ecb98; Type: INDEX; Schema: public; Owner: app
--

CREATE INDEX idx_8e90b6e6a47ecb98 ON public.race USING btree (hippodrome_id);


--
-- Name: idx_93466d5a217bbb47; Type: INDEX; Schema: public; Owner: app
--

CREATE INDEX idx_93466d5a217bbb47 ON public.person_alias USING btree (person_id);


--
-- Name: idx_a7a56fec76b275ad; Type: INDEX; Schema: public; Owner: app
--

CREATE INDEX idx_a7a56fec76b275ad ON public.horse_alias USING btree (horse_id);


--
-- Name: idx_ab55e24f20070f6b; Type: INDEX; Schema: public; Owner: app
--

CREATE INDEX idx_ab55e24f20070f6b ON public.participation USING btree (jockey_id);


--
-- Name: idx_ab55e24f7e3c61f9; Type: INDEX; Schema: public; Owner: app
--

CREATE INDEX idx_ab55e24f7e3c61f9 ON public.participation USING btree (owner_id);


--
-- Name: idx_ab55e24ffb08edf6; Type: INDEX; Schema: public; Owner: app
--

CREATE INDEX idx_ab55e24ffb08edf6 ON public.participation USING btree (trainer_id);


--
-- Name: idx_ca5748924296d31f; Type: INDEX; Schema: public; Owner: app
--

CREATE INDEX idx_ca5748924296d31f ON public.pronostic_prediction USING btree (snapshot_id);


--
-- Name: idx_ca574892fdc8a3a3; Type: INDEX; Schema: public; Owner: app
--

CREATE INDEX idx_ca574892fdc8a3a3 ON public.pronostic_prediction USING btree (participation_id);


--
-- Name: idx_import_error_row_number; Type: INDEX; Schema: public; Owner: app
--

CREATE INDEX idx_import_error_row_number ON public.import_error USING btree (row_number);


--
-- Name: idx_import_session_imported_at; Type: INDEX; Schema: public; Owner: app
--

CREATE INDEX idx_import_session_imported_at ON public.import_session USING btree (imported_at);


--
-- Name: idx_participation_horse; Type: INDEX; Schema: public; Owner: app
--

CREATE INDEX idx_participation_horse ON public.participation USING btree (horse_id);


--
-- Name: idx_participation_race; Type: INDEX; Schema: public; Owner: app
--

CREATE INDEX idx_participation_race ON public.participation USING btree (race_id);


--
-- Name: idx_pronostic_metric_type_calculated; Type: INDEX; Schema: public; Owner: app
--

CREATE INDEX idx_pronostic_metric_type_calculated ON public.pronostic_metric USING btree (metric_type, calculated_at);


--
-- Name: idx_pronostic_prediction_snapshot_rank; Type: INDEX; Schema: public; Owner: app
--

CREATE INDEX idx_pronostic_prediction_snapshot_rank ON public.pronostic_prediction USING btree (snapshot_id, predicted_rank);


--
-- Name: idx_pronostic_snapshot_created; Type: INDEX; Schema: public; Owner: app
--

CREATE INDEX idx_pronostic_snapshot_created ON public.pronostic_snapshot USING btree (created_at);


--
-- Name: idx_scrape_import_state_hash; Type: INDEX; Schema: public; Owner: app
--

CREATE INDEX idx_scrape_import_state_hash ON public.scrape_import_state USING btree (payload_hash);


--
-- Name: uniq_hippodrome_name; Type: INDEX; Schema: public; Owner: app
--

CREATE UNIQUE INDEX uniq_hippodrome_name ON public.hippodrome USING btree (name);


--
-- Name: uniq_horse_alias_canonical; Type: INDEX; Schema: public; Owner: app
--

CREATE UNIQUE INDEX uniq_horse_alias_canonical ON public.horse_alias USING btree (canonical_form);


--
-- Name: uniq_horse_name; Type: INDEX; Schema: public; Owner: app
--

CREATE UNIQUE INDEX uniq_horse_name ON public.horse USING btree (name);


--
-- Name: uniq_participation_race_horse; Type: INDEX; Schema: public; Owner: app
--

CREATE UNIQUE INDEX uniq_participation_race_horse ON public.participation USING btree (race_id, horse_id);


--
-- Name: uniq_person_alias_canonical; Type: INDEX; Schema: public; Owner: app
--

CREATE UNIQUE INDEX uniq_person_alias_canonical ON public.person_alias USING btree (canonical_form);


--
-- Name: uniq_person_name; Type: INDEX; Schema: public; Owner: app
--

CREATE UNIQUE INDEX uniq_person_name ON public.person USING btree (name);


--
-- Name: uniq_pronostic_metric_snapshot_type; Type: INDEX; Schema: public; Owner: app
--

CREATE UNIQUE INDEX uniq_pronostic_metric_snapshot_type ON public.pronostic_metric USING btree (snapshot_id, metric_type);


--
-- Name: uniq_pronostic_prediction_snapshot_participation; Type: INDEX; Schema: public; Owner: app
--

CREATE UNIQUE INDEX uniq_pronostic_prediction_snapshot_participation ON public.pronostic_prediction USING btree (snapshot_id, participation_id);


--
-- Name: uniq_pronostic_snapshot_race_type; Type: INDEX; Schema: public; Owner: app
--

CREATE UNIQUE INDEX uniq_pronostic_snapshot_race_type ON public.pronostic_snapshot USING btree (race_id, snapshot_type);


--
-- Name: uniq_scrape_import_state_identity; Type: INDEX; Schema: public; Owner: app
--

CREATE UNIQUE INDEX uniq_scrape_import_state_identity ON public.scrape_import_state USING btree (race_date, meeting_number, race_number);


--
-- Name: pronostic_snapshot fk_1940b6f6e59d40d2; Type: FK CONSTRAINT; Schema: public; Owner: app
--

ALTER TABLE ONLY public.pronostic_snapshot
    ADD CONSTRAINT fk_1940b6f6e59d40d2 FOREIGN KEY (race_id) REFERENCES public.race(id) ON DELETE CASCADE;


--
-- Name: import_error fk_5374b8d6613fecdf; Type: FK CONSTRAINT; Schema: public; Owner: app
--

ALTER TABLE ONLY public.import_error
    ADD CONSTRAINT fk_5374b8d6613fecdf FOREIGN KEY (session_id) REFERENCES public.import_session(id) ON DELETE CASCADE;


--
-- Name: pronostic_metric fk_7a4aa4d84296d31f; Type: FK CONSTRAINT; Schema: public; Owner: app
--

ALTER TABLE ONLY public.pronostic_metric
    ADD CONSTRAINT fk_7a4aa4d84296d31f FOREIGN KEY (snapshot_id) REFERENCES public.pronostic_snapshot(id) ON DELETE CASCADE;


--
-- Name: race fk_8e90b6e6a47ecb98; Type: FK CONSTRAINT; Schema: public; Owner: app
--

ALTER TABLE ONLY public.race
    ADD CONSTRAINT fk_8e90b6e6a47ecb98 FOREIGN KEY (hippodrome_id) REFERENCES public.hippodrome(id) ON DELETE RESTRICT;


--
-- Name: person_alias fk_93466d5a217bbb47; Type: FK CONSTRAINT; Schema: public; Owner: app
--

ALTER TABLE ONLY public.person_alias
    ADD CONSTRAINT fk_93466d5a217bbb47 FOREIGN KEY (person_id) REFERENCES public.person(id) ON DELETE CASCADE;


--
-- Name: horse_alias fk_a7a56fec76b275ad; Type: FK CONSTRAINT; Schema: public; Owner: app
--

ALTER TABLE ONLY public.horse_alias
    ADD CONSTRAINT fk_a7a56fec76b275ad FOREIGN KEY (horse_id) REFERENCES public.horse(id) ON DELETE CASCADE;


--
-- Name: participation fk_ab55e24f20070f6b; Type: FK CONSTRAINT; Schema: public; Owner: app
--

ALTER TABLE ONLY public.participation
    ADD CONSTRAINT fk_ab55e24f20070f6b FOREIGN KEY (jockey_id) REFERENCES public.person(id) ON DELETE SET NULL;


--
-- Name: participation fk_ab55e24f6e59d40d; Type: FK CONSTRAINT; Schema: public; Owner: app
--

ALTER TABLE ONLY public.participation
    ADD CONSTRAINT fk_ab55e24f6e59d40d FOREIGN KEY (race_id) REFERENCES public.race(id) ON DELETE CASCADE;


--
-- Name: participation fk_ab55e24f76b275ad; Type: FK CONSTRAINT; Schema: public; Owner: app
--

ALTER TABLE ONLY public.participation
    ADD CONSTRAINT fk_ab55e24f76b275ad FOREIGN KEY (horse_id) REFERENCES public.horse(id) ON DELETE CASCADE;


--
-- Name: participation fk_ab55e24f7e3c61f9; Type: FK CONSTRAINT; Schema: public; Owner: app
--

ALTER TABLE ONLY public.participation
    ADD CONSTRAINT fk_ab55e24f7e3c61f9 FOREIGN KEY (owner_id) REFERENCES public.person(id) ON DELETE SET NULL;


--
-- Name: participation fk_ab55e24ffb08edf6; Type: FK CONSTRAINT; Schema: public; Owner: app
--

ALTER TABLE ONLY public.participation
    ADD CONSTRAINT fk_ab55e24ffb08edf6 FOREIGN KEY (trainer_id) REFERENCES public.person(id) ON DELETE SET NULL;


--
-- Name: pronostic_prediction fk_ca5748924296d31f; Type: FK CONSTRAINT; Schema: public; Owner: app
--

ALTER TABLE ONLY public.pronostic_prediction
    ADD CONSTRAINT fk_ca5748924296d31f FOREIGN KEY (snapshot_id) REFERENCES public.pronostic_snapshot(id) ON DELETE CASCADE;


--
-- Name: pronostic_prediction fk_ca574892fdc8a3a3; Type: FK CONSTRAINT; Schema: public; Owner: app
--

ALTER TABLE ONLY public.pronostic_prediction
    ADD CONSTRAINT fk_ca574892fdc8a3a3 FOREIGN KEY (participation_id) REFERENCES public.participation(id) ON DELETE CASCADE;


--
-- PostgreSQL database dump complete
--

\unrestrict HjWv2B0qOKu2xQg7pcHuUAroKfNDZJOQF5Zzt6zq0PE0Mkjg7JGbP3ua4SZC1Mj

